[
  {
    "model": "users.user",
    "pk": 1,
    "fields": {
      "password": "pbkdf2_sha256$600000$forumseed123$6R4L/q0MRt7nO197rrhCQ5mrn8Yvz729w8vLKPLX/ok=",
      "last_login": null,
      "is_superuser": true,
      "username": "alexey_dev",
      "first_name": "Алексей",
      "last_name": "Смирнов",
      "email": "alexey_dev@example.com",
      "is_staff": true,
      "is_active": true,
      "date_joined": "2026-01-30T12:00:00Z",
      "groups": [],
      "user_permissions": [],
      "avatar": "default-avatar.jpg",
      "signature": "Python, Django, Linux. Люблю понятные решения и аккуратный код.",
      "role": "admin",
      "last_activity": "2026-03-31T12:00:00Z",
      "notify_email_reply": true,
      "notify_email_mention": true,
      "notify_email_pm": true,
      "notify_email_moderation": true,
      "is_banned": false,
      "ban_reason": "",
      "banned_until": null,
      "posting_suspended": false
    }
  },
  {
    "model": "users.user",
    "pk": 2,
    "fields": {
      "password": "pbkdf2_sha256$600000$forumseed123$6R4L/q0MRt7nO197rrhCQ5mrn8Yvz729w8vLKPLX/ok=",
      "last_login": null,
      "is_superuser": false,
      "username": "marina_hobby",
      "first_name": "Марина",
      "last_name": "Волкова",
      "email": "marina_hobby@example.com",
      "is_staff": true,
      "is_active": true,
      "date_joined": "2026-01-31T12:00:00Z",
      "groups": [],
      "user_permissions": [],
      "avatar": "default-avatar.jpg",
      "signature": "Люблю творчество, книги, уютные хобби и дружелюбные обсуждения.",
      "role": "moderator",
      "last_activity": "2026-03-31T09:00:00Z",
      "notify_email_reply": true,
      "notify_email_mention": true,
      "notify_email_pm": true,
      "notify_email_moderation": true,
      "is_banned": false,
      "ban_reason": "",
      "banned_until": null,
      "posting_suspended": false
    }
  },
  {
    "model": "users.user",
    "pk": 3,
    "fields": {
      "password": "pbkdf2_sha256$600000$forumseed123$6R4L/q0MRt7nO197rrhCQ5mrn8Yvz729w8vLKPLX/ok=",
      "last_login": null,
      "is_superuser": false,
      "username": "igor_play",
      "first_name": "Игорь",
      "last_name": "Новиков",
      "email": "igor_play@example.com",
      "is_staff": false,
      "is_active": true,
      "date_joined": "2026-02-01T12:00:00Z",
      "groups": [],
      "user_permissions": [],
      "avatar": "default-avatar.jpg",
      "signature": "Игры, железо, гаджеты и всё, что можно улучшить и настроить.",
      "role": "user",
      "last_activity": "2026-03-31T06:00:00Z",
      "notify_email_reply": true,
      "notify_email_mention": true,
      "notify_email_pm": true,
      "notify_email_moderation": true,
      "is_banned": false,
      "ban_reason": "",
      "banned_until": null,
      "posting_suspended": false
    }
  },
  {
    "model": "forum.category",
    "pk": 1,
    "fields": {
      "name": "IT и программирование",
      "description": "Обсуждение языков программирования, фреймворков, обучения и практики.",
      "slug": "it-i-programmirovanie",
      "order": 1,
      "created_at": "2026-02-20T12:00:00Z"
    }
  },
  {
    "model": "forum.category",
    "pk": 2,
    "fields": {
      "name": "Железо, софт и техника",
      "description": "Ноутбуки, операционные системы, полезные программы и повседневная техника.",
      "slug": "zhelezo-soft-i-tehnika",
      "order": 2,
      "created_at": "2026-02-21T12:00:00Z"
    }
  },
  {
    "model": "forum.category",
    "pk": 3,
    "fields": {
      "name": "Хобби и творчество",
      "description": "Творчество, книги, фильмы, музыка и любимые занятия для души.",
      "slug": "hobbi-i-tvorchestvo",
      "order": 3,
      "created_at": "2026-02-22T12:00:00Z"
    }
  },
  {
    "model": "forum.category",
    "pk": 4,
    "fields": {
      "name": "Игры и цифровые развлечения",
      "description": "Игры, старые хиты, новинки, игровые жанры и цифровой досуг.",
      "slug": "igry-i-cifrovye-razvlecheniya",
      "order": 4,
      "created_at": "2026-02-23T12:00:00Z"
    }
  },
  {
    "model": "forum.category",
    "pk": 5,
    "fields": {
      "name": "Работа, учёба и саморазвитие",
      "description": "Самоорганизация, обучение, полезные навыки, привычки и мотивация.",
      "slug": "rabota-uchyoba-i-samorazvitie",
      "order": 5,
      "created_at": "2026-02-24T12:00:00Z"
    }
  },
  {
    "model": "forum.tag",
    "pk": 1,
    "fields": {
      "name": "Python",
      "slug": "python"
    }
  },
  {
    "model": "forum.tag",
    "pk": 2,
    "fields": {
      "name": "Django",
      "slug": "django"
    }
  },
  {
    "model": "forum.tag",
    "pk": 3,
    "fields": {
      "name": "Linux",
      "slug": "linux"
    }
  },
  {
    "model": "forum.tag",
    "pk": 4,
    "fields": {
      "name": "Начинающим",
      "slug": "nachinayushchim"
    }
  },
  {
    "model": "forum.tag",
    "pk": 5,
    "fields": {
      "name": "Железо",
      "slug": "zhelezo"
    }
  },
  {
    "model": "forum.tag",
    "pk": 6,
    "fields": {
      "name": "Игры",
      "slug": "igry"
    }
  },
  {
    "model": "forum.tag",
    "pk": 7,
    "fields": {
      "name": "Учёба",
      "slug": "ucheba"
    }
  },
  {
    "model": "forum.tag",
    "pk": 8,
    "fields": {
      "name": "Творчество",
      "slug": "tvorchestvo"
    }
  },
  {
    "model": "forum.topic",
    "pk": 1,
    "fields": {
      "title": "С какого языка программирования лучше начать в 2026 году",
      "content": "Хочу поднять тему «С какого языка программирования лучше начать в 2026 году». Интересно собрать не теорию, а живой опыт. Расскажите, с чего бы вы начали и что реально оказалось полезным на практике. Раздел: IT и программирование. Будет здорово, если в ответах будут и личные примеры, и конкретные рекомендации.",
      "category": 1,
      "author": 1,
      "created_at": "2026-03-02T12:00:00Z",
      "updated_at": "2026-03-02T13:42:00Z",
      "is_sticky": true,
      "is_closed": false,
      "views": 42,
      "slug": "2026",
      "tags": [
        2,
        4,
        6
      ]
    }
  },
  {
    "model": "forum.post",
    "pk": 1,
    "fields": {
      "topic": 1,
      "author": 1,
      "content": "Хочу поднять тему «С какого языка программирования лучше начать в 2026 году». Интересно собрать не теорию, а живой опыт. Расскажите, с чего бы вы начали и что реально оказалось полезным на практике. Раздел: IT и программирование. Будет здорово, если в ответах будут и личные примеры, и конкретные рекомендации.",
      "created_at": "2026-03-02T12:00:00Z",
      "updated_at": "2026-03-02T12:00:00Z",
      "liked_by": []
    }
  },
  {
    "model": "forum.post",
    "pk": 2,
    "fields": {
      "topic": 1,
      "author": 2,
      "content": "Марина: Я бы начинал(а) с самого простого и не пытался(ась) охватить всё сразу. Когда есть маленький понятный шаг, двигаться намного легче.",
      "created_at": "2026-03-02T12:17:00Z",
      "updated_at": "2026-03-02T12:17:00Z",
      "liked_by": [
        1,
        3
      ]
    }
  },
  {
    "model": "forum.post",
    "pk": 3,
    "fields": {
      "topic": 1,
      "author": 3,
      "content": "Игорь: У меня немного другой опыт: многое зависит от цели. Если нужен быстрый результат, лучше выбрать один инструмент и спокойно в нём разобраться.",
      "created_at": "2026-03-02T12:34:00Z",
      "updated_at": "2026-03-02T12:34:00Z",
      "liked_by": [
        1,
        2
      ]
    }
  },
  {
    "model": "forum.post",
    "pk": 4,
    "fields": {
      "topic": 1,
      "author": 1,
      "content": "Алексей: Поддержу тему. Мне обычно помогает сначала определить, какой итог хочется получить через месяц, а уже потом подбирать материалы и практику.",
      "created_at": "2026-03-02T12:51:00Z",
      "updated_at": "2026-03-02T12:51:00Z",
      "liked_by": [
        2
      ]
    }
  },
  {
    "model": "forum.post",
    "pk": 5,
    "fields": {
      "topic": 1,
      "author": 2,
      "content": "Марина: Мне кажется, здесь важно не перегрузить себя в начале. Когда есть чёткий, но посильный план, мотивация держится гораздо лучше.",
      "created_at": "2026-03-02T13:08:00Z",
      "updated_at": "2026-03-02T13:08:00Z",
      "liked_by": [
        3
      ]
    }
  },
  {
    "model": "forum.post",
    "pk": 6,
    "fields": {
      "topic": 1,
      "author": 3,
      "content": "Игорь: Я бы ещё посмотрел(а) на повседневную удобность. Иногда лучший вариант — не самый модный, а тот, которым реально приятно пользоваться каждый день.",
      "created_at": "2026-03-02T13:25:00Z",
      "updated_at": "2026-03-02T13:25:00Z",
      "liked_by": [
        1
      ]
    }
  },
  {
    "model": "forum.post",
    "pk": 7,
    "fields": {
      "topic": 1,
      "author": 1,
      "content": "Алексей: Хорошая тема. По моему опыту, регулярность важнее идеального старта: лучше делать понемногу, но стабильно.",
      "created_at": "2026-03-02T13:42:00Z",
      "updated_at": "2026-03-02T13:42:00Z",
      "liked_by": [
        2,
        3
      ]
    }
  },
  {
    "model": "forum.topic",
    "pk": 2,
    "fields": {
      "title": "Python для новичков: что учить после основ",
      "content": "Давайте обсудим «Python для новичков: что учить после основ». В интернете советов много, но хочется услышать именно личные наблюдения. Что у вас сработало лучше всего? Раздел: IT и программирование. Будет здорово, если в ответах будут и личные примеры, и конкретные рекомендации.",
      "category": 1,
      "author": 2,
      "created_at": "2026-03-03T12:00:00Z",
      "updated_at": "2026-03-03T13:42:00Z",
      "is_sticky": false,
      "is_closed": false,
      "views": 49,
      "slug": "python",
      "tags": [
        3,
        5,
        7
      ]
    }
  },
  {
    "model": "forum.post",
    "pk": 8,
    "fields": {
      "topic": 2,
      "author": 2,
      "content": "Давайте обсудим «Python для новичков: что учить после основ». В интернете советов много, но хочется услышать именно личные наблюдения. Что у вас сработало лучше всего? Раздел: IT и программирование. Будет здорово, если в ответах будут и личные примеры, и конкретные рекомендации.",
      "created_at": "2026-03-03T12:00:00Z",
      "updated_at": "2026-03-03T12:00:00Z",
      "liked_by": []
    }
  },
  {
    "model": "forum.post",
    "pk": 9,
    "fields": {
      "topic": 2,
      "author": 1,
      "content": "Алексей: Я бы начинал(а) с самого простого и не пытался(ась) охватить всё сразу. Когда есть маленький понятный шаг, двигаться намного легче.",
      "created_at": "2026-03-03T12:17:00Z",
      "updated_at": "2026-03-03T12:17:00Z",
      "liked_by": [
        3
      ]
    }
  },
  {
    "model": "forum.post",
    "pk": 10,
    "fields": {
      "topic": 2,
      "author": 3,
      "content": "Игорь: У меня немного другой опыт: многое зависит от цели. Если нужен быстрый результат, лучше выбрать один инструмент и спокойно в нём разобраться.",
      "created_at": "2026-03-03T12:34:00Z",
      "updated_at": "2026-03-03T12:34:00Z",
      "liked_by": [
        1,
        2
      ]
    }
  },
  {
    "model": "forum.post",
    "pk": 11,
    "fields": {
      "topic": 2,
      "author": 2,
      "content": "Марина: Поддержу тему. Мне обычно помогает сначала определить, какой итог хочется получить через месяц, а уже потом подбирать материалы и практику.",
      "created_at": "2026-03-03T12:51:00Z",
      "updated_at": "2026-03-03T12:51:00Z",
      "liked_by": []
    }
  },
  {
    "model": "forum.post",
    "pk": 12,
    "fields": {
      "topic": 2,
      "author": 1,
      "content": "Алексей: Мне кажется, здесь важно не перегрузить себя в начале. Когда есть чёткий, но посильный план, мотивация держится гораздо лучше.",
      "created_at": "2026-03-03T13:08:00Z",
      "updated_at": "2026-03-03T13:08:00Z",
      "liked_by": [
        3
      ]
    }
  },
  {
    "model": "forum.post",
    "pk": 13,
    "fields": {
      "topic": 2,
      "author": 3,
      "content": "Игорь: Я бы ещё посмотрел(а) на повседневную удобность. Иногда лучший вариант — не самый модный, а тот, которым реально приятно пользоваться каждый день.",
      "created_at": "2026-03-03T13:25:00Z",
      "updated_at": "2026-03-03T13:25:00Z",
      "liked_by": [
        1
      ]
    }
  },
  {
    "model": "forum.post",
    "pk": 14,
    "fields": {
      "topic": 2,
      "author": 2,
      "content": "Марина: Хорошая тема. По моему опыту, регулярность важнее идеального старта: лучше делать понемногу, но стабильно.",
      "created_at": "2026-03-03T13:42:00Z",
      "updated_at": "2026-03-03T13:42:00Z",
      "liked_by": [
        3
      ]
    }
  },
  {
    "model": "forum.topic",
    "pk": 3,
    "fields": {
      "title": "Django, Flask или FastAPI — что выбрать для pet-project",
      "content": "Недавно снова задумался(ась) о теме «Django, Flask или FastAPI — что выбрать для pet-project». Кажется, здесь у каждого свой подход. Поделитесь, пожалуйста, своими примерами и выводами. Раздел: IT и программирование. Будет здорово, если в ответах будут и личные примеры, и конкретные рекомендации.",
      "category": 1,
      "author": 3,
      "created_at": "2026-03-04T12:00:00Z",
      "updated_at": "2026-03-04T13:42:00Z",
      "is_sticky": false,
      "is_closed": false,
      "views": 56,
      "slug": "django-flask-fastapi-pet-project",
      "tags": [
        4,
        6,
        8
      ]
    }
  },
  {
    "model": "forum.post",
    "pk": 15,
    "fields": {
      "topic": 3,
      "author": 3,
      "content": "Недавно снова задумался(ась) о теме «Django, Flask или FastAPI — что выбрать для pet-project». Кажется, здесь у каждого свой подход. Поделитесь, пожалуйста, своими примерами и выводами. Раздел: IT и программирование. Будет здорово, если в ответах будут и личные примеры, и конкретные рекомендации.",
      "created_at": "2026-03-04T12:00:00Z",
      "updated_at": "2026-03-04T12:00:00Z",
      "liked_by": []
    }
  },
  {
    "model": "forum.post",
    "pk": 16,
    "fields": {
      "topic": 3,
      "author": 1,
      "content": "Алексей: Я бы начинал(а) с самого простого и не пытался(ась) охватить всё сразу. Когда есть маленький понятный шаг, двигаться намного легче.",
      "created_at": "2026-03-04T12:17:00Z",
      "updated_at": "2026-03-04T12:17:00Z",
      "liked_by": [
        3
      ]
    }
  },
  {
    "model": "forum.post",
    "pk": 17,
    "fields": {
      "topic": 3,
      "author": 2,
      "content": "Марина: У меня немного другой опыт: многое зависит от цели. Если нужен быстрый результат, лучше выбрать один инструмент и спокойно в нём разобраться.",
      "created_at": "2026-03-04T12:34:00Z",
      "updated_at": "2026-03-04T12:34:00Z",
      "liked_by": [
        1
      ]
    }
  },
  {
    "model": "forum.post",
    "pk": 18,
    "fields": {
      "topic": 3,
      "author": 3,
      "content": "Игорь: Поддержу тему. Мне обычно помогает сначала определить, какой итог хочется получить через месяц, а уже потом подбирать материалы и практику.",
      "created_at": "2026-03-04T12:51:00Z",
      "updated_at": "2026-03-04T12:51:00Z",
      "liked_by": [
        2
      ]
    }
  },
  {
    "model": "forum.post",
    "pk": 19,
    "fields": {
      "topic": 3,
      "author": 1,
      "content": "Алексей: Мне кажется, здесь важно не перегрузить себя в начале. Когда есть чёткий, но посильный план, мотивация держится гораздо лучше.",
      "created_at": "2026-03-04T13:08:00Z",
      "updated_at": "2026-03-04T13:08:00Z",
      "liked_by": [
        3
      ]
    }
  },
  {
    "model": "forum.post",
    "pk": 20,
    "fields": {
      "topic": 3,
      "author": 2,
      "content": "Марина: Я бы ещё посмотрел(а) на повседневную удобность. Иногда лучший вариант — не самый модный, а тот, которым реально приятно пользоваться каждый день.",
      "created_at": "2026-03-04T13:25:00Z",
      "updated_at": "2026-03-04T13:25:00Z",
      "liked_by": [
        1
      ]
    }
  },
  {
    "model": "forum.post",
    "pk": 21,
    "fields": {
      "topic": 3,
      "author": 3,
      "content": "Игорь: Хорошая тема. По моему опыту, регулярность важнее идеального старта: лучше делать понемногу, но стабильно.",
      "created_at": "2026-03-04T13:42:00Z",
      "updated_at": "2026-03-04T13:42:00Z",
      "liked_by": [
        2
      ]
    }
  },
  {
    "model": "forum.topic",
    "pk": 4,
    "fields": {
      "title": "Как собрать первое портфолио разработчику",
      "content": "Хочу поднять тему «Как собрать первое портфолио разработчику». Интересно собрать не теорию, а живой опыт. Расскажите, с чего бы вы начали и что реально оказалось полезным на практике. Раздел: IT и программирование. Будет здорово, если в ответах будут и личные примеры, и конкретные рекомендации.",
      "category": 1,
      "author": 1,
      "created_at": "2026-03-05T12:00:00Z",
      "updated_at": "2026-03-05T13:42:00Z",
      "is_sticky": false,
      "is_closed": false,
      "views": 63,
      "slug": "topic",
      "tags": [
        1,
        5,
        7
      ]
    }
  },
  {
    "model": "forum.post",
    "pk": 22,
    "fields": {
      "topic": 4,
      "author": 1,
      "content": "Хочу поднять тему «Как собрать первое портфолио разработчику». Интересно собрать не теорию, а живой опыт. Расскажите, с чего бы вы начали и что реально оказалось полезным на практике. Раздел: IT и программирование. Будет здорово, если в ответах будут и личные примеры, и конкретные рекомендации.",
      "created_at": "2026-03-05T12:00:00Z",
      "updated_at": "2026-03-05T12:00:00Z",
      "liked_by": []
    }
  },
  {
    "model": "forum.post",
    "pk": 23,
    "fields": {
      "topic": 4,
      "author": 2,
      "content": "Марина: Я бы начинал(а) с самого простого и не пытался(ась) охватить всё сразу. Когда есть маленький понятный шаг, двигаться намного легче.",
      "created_at": "2026-03-05T12:17:00Z",
      "updated_at": "2026-03-05T12:17:00Z",
      "liked_by": [
        1,
        3
      ]
    }
  },
  {
    "model": "forum.post",
    "pk": 24,
    "fields": {
      "topic": 4,
      "author": 3,
      "content": "Игорь: У меня немного другой опыт: многое зависит от цели. Если нужен быстрый результат, лучше выбрать один инструмент и спокойно в нём разобраться.",
      "created_at": "2026-03-05T12:34:00Z",
      "updated_at": "2026-03-05T12:34:00Z",
      "liked_by": [
        1,
        2
      ]
    }
  },
  {
    "model": "forum.post",
    "pk": 25,
    "fields": {
      "topic": 4,
      "author": 1,
      "content": "Алексей: Поддержу тему. Мне обычно помогает сначала определить, какой итог хочется получить через месяц, а уже потом подбирать материалы и практику.",
      "created_at": "2026-03-05T12:51:00Z",
      "updated_at": "2026-03-05T12:51:00Z",
      "liked_by": [
        2
      ]
    }
  },
  {
    "model": "forum.post",
    "pk": 26,
    "fields": {
      "topic": 4,
      "author": 2,
      "content": "Марина: Мне кажется, здесь важно не перегрузить себя в начале. Когда есть чёткий, но посильный план, мотивация держится гораздо лучше.",
      "created_at": "2026-03-05T13:08:00Z",
      "updated_at": "2026-03-05T13:08:00Z",
      "liked_by": [
        3
      ]
    }
  },
  {
    "model": "forum.post",
    "pk": 27,
    "fields": {
      "topic": 4,
      "author": 3,
      "content": "Игорь: Я бы ещё посмотрел(а) на повседневную удобность. Иногда лучший вариант — не самый модный, а тот, которым реально приятно пользоваться каждый день.",
      "created_at": "2026-03-05T13:25:00Z",
      "updated_at": "2026-03-05T13:25:00Z",
      "liked_by": [
        1
      ]
    }
  },
  {
    "model": "forum.post",
    "pk": 28,
    "fields": {
      "topic": 4,
      "author": 1,
      "content": "Алексей: Хорошая тема. По моему опыту, регулярность важнее идеального старта: лучше делать понемногу, но стабильно.",
      "created_at": "2026-03-05T13:42:00Z",
      "updated_at": "2026-03-05T13:42:00Z",
      "liked_by": [
        2,
        3
      ]
    }
  },
  {
    "model": "forum.topic",
    "pk": 5,
    "fields": {
      "title": "Полезные инструменты программиста для повседневной работы",
      "content": "Давайте обсудим «Полезные инструменты программиста для повседневной работы». В интернете советов много, но хочется услышать именно личные наблюдения. Что у вас сработало лучше всего? Раздел: IT и программирование. Будет здорово, если в ответах будут и личные примеры, и конкретные рекомендации.",
      "category": 1,
      "author": 2,
      "created_at": "2026-03-06T12:00:00Z",
      "updated_at": "2026-03-06T13:42:00Z",
      "is_sticky": false,
      "is_closed": false,
      "views": 70,
      "slug": "topic-2",
      "tags": [
        2,
        6,
        8
      ]
    }
  },
  {
    "model": "forum.post",
    "pk": 29,
    "fields": {
      "topic": 5,
      "author": 2,
      "content": "Давайте обсудим «Полезные инструменты программиста для повседневной работы». В интернете советов много, но хочется услышать именно личные наблюдения. Что у вас сработало лучше всего? Раздел: IT и программирование. Будет здорово, если в ответах будут и личные примеры, и конкретные рекомендации.",
      "created_at": "2026-03-06T12:00:00Z",
      "updated_at": "2026-03-06T12:00:00Z",
      "liked_by": []
    }
  },
  {
    "model": "forum.post",
    "pk": 30,
    "fields": {
      "topic": 5,
      "author": 1,
      "content": "Алексей: Я бы начинал(а) с самого простого и не пытался(ась) охватить всё сразу. Когда есть маленький понятный шаг, двигаться намного легче.",
      "created_at": "2026-03-06T12:17:00Z",
      "updated_at": "2026-03-06T12:17:00Z",
      "liked_by": [
        3
      ]
    }
  },
  {
    "model": "forum.post",
    "pk": 31,
    "fields": {
      "topic": 5,
      "author": 3,
      "content": "Игорь: У меня немного другой опыт: многое зависит от цели. Если нужен быстрый результат, лучше выбрать один инструмент и спокойно в нём разобраться.",
      "created_at": "2026-03-06T12:34:00Z",
      "updated_at": "2026-03-06T12:34:00Z",
      "liked_by": [
        1,
        2
      ]
    }
  },
  {
    "model": "forum.post",
    "pk": 32,
    "fields": {
      "topic": 5,
      "author": 2,
      "content": "Марина: Поддержу тему. Мне обычно помогает сначала определить, какой итог хочется получить через месяц, а уже потом подбирать материалы и практику.",
      "created_at": "2026-03-06T12:51:00Z",
      "updated_at": "2026-03-06T12:51:00Z",
      "liked_by": []
    }
  },
  {
    "model": "forum.post",
    "pk": 33,
    "fields": {
      "topic": 5,
      "author": 1,
      "content": "Алексей: Мне кажется, здесь важно не перегрузить себя в начале. Когда есть чёткий, но посильный план, мотивация держится гораздо лучше.",
      "created_at": "2026-03-06T13:08:00Z",
      "updated_at": "2026-03-06T13:08:00Z",
      "liked_by": [
        3
      ]
    }
  },
  {
    "model": "forum.post",
    "pk": 34,
    "fields": {
      "topic": 5,
      "author": 3,
      "content": "Игорь: Я бы ещё посмотрел(а) на повседневную удобность. Иногда лучший вариант — не самый модный, а тот, которым реально приятно пользоваться каждый день.",
      "created_at": "2026-03-06T13:25:00Z",
      "updated_at": "2026-03-06T13:25:00Z",
      "liked_by": [
        1
      ]
    }
  },
  {
    "model": "forum.post",
    "pk": 35,
    "fields": {
      "topic": 5,
      "author": 2,
      "content": "Марина: Хорошая тема. По моему опыту, регулярность важнее идеального старта: лучше делать понемногу, но стабильно.",
      "created_at": "2026-03-06T13:42:00Z",
      "updated_at": "2026-03-06T13:42:00Z",
      "liked_by": [
        3
      ]
    }
  },
  {
    "model": "forum.topic",
    "pk": 6,
    "fields": {
      "title": "Как выбрать ноутбук для работы и учёбы",
      "content": "Недавно снова задумался(ась) о теме «Как выбрать ноутбук для работы и учёбы». Кажется, здесь у каждого свой подход. Поделитесь, пожалуйста, своими примерами и выводами. Раздел: Железо, софт и техника. Будет здорово, если в ответах будут и личные примеры, и конкретные рекомендации.",
      "category": 2,
      "author": 2,
      "created_at": "2026-03-07T11:00:00Z",
      "updated_at": "2026-03-07T12:42:00Z",
      "is_sticky": true,
      "is_closed": false,
      "views": 77,
      "slug": "topic",
      "tags": [
        1,
        3,
        7
      ]
    }
  },
  {
    "model": "forum.post",
    "pk": 36,
    "fields": {
      "topic": 6,
      "author": 2,
      "content": "Недавно снова задумался(ась) о теме «Как выбрать ноутбук для работы и учёбы». Кажется, здесь у каждого свой подход. Поделитесь, пожалуйста, своими примерами и выводами. Раздел: Железо, софт и техника. Будет здорово, если в ответах будут и личные примеры, и конкретные рекомендации.",
      "created_at": "2026-03-07T11:00:00Z",
      "updated_at": "2026-03-07T11:00:00Z",
      "liked_by": []
    }
  },
  {
    "model": "forum.post",
    "pk": 37,
    "fields": {
      "topic": 6,
      "author": 1,
      "content": "Алексей: Я бы начинал(а) с самого простого и не пытался(ась) охватить всё сразу. Когда есть маленький понятный шаг, двигаться намного легче.",
      "created_at": "2026-03-07T11:17:00Z",
      "updated_at": "2026-03-07T11:17:00Z",
      "liked_by": [
        3
      ]
    }
  },
  {
    "model": "forum.post",
    "pk": 38,
    "fields": {
      "topic": 6,
      "author": 3,
      "content": "Игорь: У меня немного другой опыт: многое зависит от цели. Если нужен быстрый результат, лучше выбрать один инструмент и спокойно в нём разобраться.",
      "created_at": "2026-03-07T11:34:00Z",
      "updated_at": "2026-03-07T11:34:00Z",
      "liked_by": [
        1,
        2
      ]
    }
  },
  {
    "model": "forum.post",
    "pk": 39,
    "fields": {
      "topic": 6,
      "author": 2,
      "content": "Марина: Поддержу тему. Мне обычно помогает сначала определить, какой итог хочется получить через месяц, а уже потом подбирать материалы и практику.",
      "created_at": "2026-03-07T11:51:00Z",
      "updated_at": "2026-03-07T11:51:00Z",
      "liked_by": []
    }
  },
  {
    "model": "forum.post",
    "pk": 40,
    "fields": {
      "topic": 6,
      "author": 1,
      "content": "Алексей: Мне кажется, здесь важно не перегрузить себя в начале. Когда есть чёткий, но посильный план, мотивация держится гораздо лучше.",
      "created_at": "2026-03-07T12:08:00Z",
      "updated_at": "2026-03-07T12:08:00Z",
      "liked_by": [
        3
      ]
    }
  },
  {
    "model": "forum.post",
    "pk": 41,
    "fields": {
      "topic": 6,
      "author": 3,
      "content": "Игорь: Я бы ещё посмотрел(а) на повседневную удобность. Иногда лучший вариант — не самый модный, а тот, которым реально приятно пользоваться каждый день.",
      "created_at": "2026-03-07T12:25:00Z",
      "updated_at": "2026-03-07T12:25:00Z",
      "liked_by": [
        1
      ]
    }
  },
  {
    "model": "forum.post",
    "pk": 42,
    "fields": {
      "topic": 6,
      "author": 2,
      "content": "Марина: Хорошая тема. По моему опыту, регулярность важнее идеального старта: лучше делать понемногу, но стабильно.",
      "created_at": "2026-03-07T12:42:00Z",
      "updated_at": "2026-03-07T12:42:00Z",
      "liked_by": [
        3
      ]
    }
  },
  {
    "model": "forum.topic",
    "pk": 7,
    "fields": {
      "title": "Windows или Linux для домашнего использования",
      "content": "Хочу поднять тему «Windows или Linux для домашнего использования». Интересно собрать не теорию, а живой опыт. Расскажите, с чего бы вы начали и что реально оказалось полезным на практике. Раздел: Железо, софт и техника. Будет здорово, если в ответах будут и личные примеры, и конкретные рекомендации.",
      "category": 2,
      "author": 3,
      "created_at": "2026-03-08T11:00:00Z",
      "updated_at": "2026-03-08T12:42:00Z",
      "is_sticky": false,
      "is_closed": false,
      "views": 84,
      "slug": "windows-linux",
      "tags": [
        2,
        4,
        8
      ]
    }
  },
  {
    "model": "forum.post",
    "pk": 43,
    "fields": {
      "topic": 7,
      "author": 3,
      "content": "Хочу поднять тему «Windows или Linux для домашнего использования». Интересно собрать не теорию, а живой опыт. Расскажите, с чего бы вы начали и что реально оказалось полезным на практике. Раздел: Железо, софт и техника. Будет здорово, если в ответах будут и личные примеры, и конкретные рекомендации.",
      "created_at": "2026-03-08T11:00:00Z",
      "updated_at": "2026-03-08T11:00:00Z",
      "liked_by": []
    }
  },
  {
    "model": "forum.post",
    "pk": 44,
    "fields": {
      "topic": 7,
      "author": 1,
      "content": "Алексей: Я бы начинал(а) с самого простого и не пытался(ась) охватить всё сразу. Когда есть маленький понятный шаг, двигаться намного легче.",
      "created_at": "2026-03-08T11:17:00Z",
      "updated_at": "2026-03-08T11:17:00Z",
      "liked_by": [
        3
      ]
    }
  },
  {
    "model": "forum.post",
    "pk": 45,
    "fields": {
      "topic": 7,
      "author": 2,
      "content": "Марина: У меня немного другой опыт: многое зависит от цели. Если нужен быстрый результат, лучше выбрать один инструмент и спокойно в нём разобраться.",
      "created_at": "2026-03-08T11:34:00Z",
      "updated_at": "2026-03-08T11:34:00Z",
      "liked_by": [
        1
      ]
    }
  },
  {
    "model": "forum.post",
    "pk": 46,
    "fields": {
      "topic": 7,
      "author": 3,
      "content": "Игорь: Поддержу тему. Мне обычно помогает сначала определить, какой итог хочется получить через месяц, а уже потом подбирать материалы и практику.",
      "created_at": "2026-03-08T11:51:00Z",
      "updated_at": "2026-03-08T11:51:00Z",
      "liked_by": [
        2
      ]
    }
  },
  {
    "model": "forum.post",
    "pk": 47,
    "fields": {
      "topic": 7,
      "author": 1,
      "content": "Алексей: Мне кажется, здесь важно не перегрузить себя в начале. Когда есть чёткий, но посильный план, мотивация держится гораздо лучше.",
      "created_at": "2026-03-08T12:08:00Z",
      "updated_at": "2026-03-08T12:08:00Z",
      "liked_by": [
        3
      ]
    }
  },
  {
    "model": "forum.post",
    "pk": 48,
    "fields": {
      "topic": 7,
      "author": 2,
      "content": "Марина: Я бы ещё посмотрел(а) на повседневную удобность. Иногда лучший вариант — не самый модный, а тот, которым реально приятно пользоваться каждый день.",
      "created_at": "2026-03-08T12:25:00Z",
      "updated_at": "2026-03-08T12:25:00Z",
      "liked_by": [
        1
      ]
    }
  },
  {
    "model": "forum.post",
    "pk": 49,
    "fields": {
      "topic": 7,
      "author": 3,
      "content": "Игорь: Хорошая тема. По моему опыту, регулярность важнее идеального старта: лучше делать понемногу, но стабильно.",
      "created_at": "2026-03-08T12:42:00Z",
      "updated_at": "2026-03-08T12:42:00Z",
      "liked_by": [
        2
      ]
    }
  },
  {
    "model": "forum.topic",
    "pk": 8,
    "fields": {
      "title": "Какие программы вы ставите сразу после установки системы",
      "content": "Давайте обсудим «Какие программы вы ставите сразу после установки системы». В интернете советов много, но хочется услышать именно личные наблюдения. Что у вас сработало лучше всего? Раздел: Железо, софт и техника. Будет здорово, если в ответах будут и личные примеры, и конкретные рекомендации.",
      "category": 2,
      "author": 1,
      "created_at": "2026-03-09T11:00:00Z",
      "updated_at": "2026-03-09T12:42:00Z",
      "is_sticky": false,
      "is_closed": false,
      "views": 91,
      "slug": "topic-2",
      "tags": [
        1,
        3,
        5
      ]
    }
  },
  {
    "model": "forum.post",
    "pk": 50,
    "fields": {
      "topic": 8,
      "author": 1,
      "content": "Давайте обсудим «Какие программы вы ставите сразу после установки системы». В интернете советов много, но хочется услышать именно личные наблюдения. Что у вас сработало лучше всего? Раздел: Железо, софт и техника. Будет здорово, если в ответах будут и личные примеры, и конкретные рекомендации.",
      "created_at": "2026-03-09T11:00:00Z",
      "updated_at": "2026-03-09T11:00:00Z",
      "liked_by": []
    }
  },
  {
    "model": "forum.post",
    "pk": 51,
    "fields": {
      "topic": 8,
      "author": 2,
      "content": "Марина: Я бы начинал(а) с самого простого и не пытался(ась) охватить всё сразу. Когда есть маленький понятный шаг, двигаться намного легче.",
      "created_at": "2026-03-09T11:17:00Z",
      "updated_at": "2026-03-09T11:17:00Z",
      "liked_by": [
        1,
        3
      ]
    }
  },
  {
    "model": "forum.post",
    "pk": 52,
    "fields": {
      "topic": 8,
      "author": 3,
      "content": "Игорь: У меня немного другой опыт: многое зависит от цели. Если нужен быстрый результат, лучше выбрать один инструмент и спокойно в нём разобраться.",
      "created_at": "2026-03-09T11:34:00Z",
      "updated_at": "2026-03-09T11:34:00Z",
      "liked_by": [
        1,
        2
      ]
    }
  },
  {
    "model": "forum.post",
    "pk": 53,
    "fields": {
      "topic": 8,
      "author": 1,
      "content": "Алексей: Поддержу тему. Мне обычно помогает сначала определить, какой итог хочется получить через месяц, а уже потом подбирать материалы и практику.",
      "created_at": "2026-03-09T11:51:00Z",
      "updated_at": "2026-03-09T11:51:00Z",
      "liked_by": [
        2
      ]
    }
  },
  {
    "model": "forum.post",
    "pk": 54,
    "fields": {
      "topic": 8,
      "author": 2,
      "content": "Марина: Мне кажется, здесь важно не перегрузить себя в начале. Когда есть чёткий, но посильный план, мотивация держится гораздо лучше.",
      "created_at": "2026-03-09T12:08:00Z",
      "updated_at": "2026-03-09T12:08:00Z",
      "liked_by": [
        3
      ]
    }
  },
  {
    "model": "forum.post",
    "pk": 55,
    "fields": {
      "topic": 8,
      "author": 3,
      "content": "Игорь: Я бы ещё посмотрел(а) на повседневную удобность. Иногда лучший вариант — не самый модный, а тот, которым реально приятно пользоваться каждый день.",
      "created_at": "2026-03-09T12:25:00Z",
      "updated_at": "2026-03-09T12:25:00Z",
      "liked_by": [
        1
      ]
    }
  },
  {
    "model": "forum.post",
    "pk": 56,
    "fields": {
      "topic": 8,
      "author": 1,
      "content": "Алексей: Хорошая тема. По моему опыту, регулярность важнее идеального старта: лучше делать понемногу, но стабильно.",
      "created_at": "2026-03-09T12:42:00Z",
      "updated_at": "2026-03-09T12:42:00Z",
      "liked_by": [
        2,
        3
      ]
    }
  },
  {
    "model": "forum.topic",
    "pk": 9,
    "fields": {
      "title": "Как организовать резервное копирование файлов",
      "content": "Недавно снова задумался(ась) о теме «Как организовать резервное копирование файлов». Кажется, здесь у каждого свой подход. Поделитесь, пожалуйста, своими примерами и выводами. Раздел: Железо, софт и техника. Будет здорово, если в ответах будут и личные примеры, и конкретные рекомендации.",
      "category": 2,
      "author": 2,
      "created_at": "2026-03-10T11:00:00Z",
      "updated_at": "2026-03-10T12:42:00Z",
      "is_sticky": false,
      "is_closed": false,
      "views": 98,
      "slug": "topic-3",
      "tags": [
        2,
        4,
        6
      ]
    }
  },
  {
    "model": "forum.post",
    "pk": 57,
    "fields": {
      "topic": 9,
      "author": 2,
      "content": "Недавно снова задумался(ась) о теме «Как организовать резервное копирование файлов». Кажется, здесь у каждого свой подход. Поделитесь, пожалуйста, своими примерами и выводами. Раздел: Железо, софт и техника. Будет здорово, если в ответах будут и личные примеры, и конкретные рекомендации.",
      "created_at": "2026-03-10T11:00:00Z",
      "updated_at": "2026-03-10T11:00:00Z",
      "liked_by": []
    }
  },
  {
    "model": "forum.post",
    "pk": 58,
    "fields": {
      "topic": 9,
      "author": 1,
      "content": "Алексей: Я бы начинал(а) с самого простого и не пытался(ась) охватить всё сразу. Когда есть маленький понятный шаг, двигаться намного легче.",
      "created_at": "2026-03-10T11:17:00Z",
      "updated_at": "2026-03-10T11:17:00Z",
      "liked_by": [
        3
      ]
    }
  },
  {
    "model": "forum.post",
    "pk": 59,
    "fields": {
      "topic": 9,
      "author": 3,
      "content": "Игорь: У меня немного другой опыт: многое зависит от цели. Если нужен быстрый результат, лучше выбрать один инструмент и спокойно в нём разобраться.",
      "created_at": "2026-03-10T11:34:00Z",
      "updated_at": "2026-03-10T11:34:00Z",
      "liked_by": [
        1,
        2
      ]
    }
  },
  {
    "model": "forum.post",
    "pk": 60,
    "fields": {
      "topic": 9,
      "author": 2,
      "content": "Марина: Поддержу тему. Мне обычно помогает сначала определить, какой итог хочется получить через месяц, а уже потом подбирать материалы и практику.",
      "created_at": "2026-03-10T11:51:00Z",
      "updated_at": "2026-03-10T11:51:00Z",
      "liked_by": []
    }
  },
  {
    "model": "forum.post",
    "pk": 61,
    "fields": {
      "topic": 9,
      "author": 1,
      "content": "Алексей: Мне кажется, здесь важно не перегрузить себя в начале. Когда есть чёткий, но посильный план, мотивация держится гораздо лучше.",
      "created_at": "2026-03-10T12:08:00Z",
      "updated_at": "2026-03-10T12:08:00Z",
      "liked_by": [
        3
      ]
    }
  },
  {
    "model": "forum.post",
    "pk": 62,
    "fields": {
      "topic": 9,
      "author": 3,
      "content": "Игорь: Я бы ещё посмотрел(а) на повседневную удобность. Иногда лучший вариант — не самый модный, а тот, которым реально приятно пользоваться каждый день.",
      "created_at": "2026-03-10T12:25:00Z",
      "updated_at": "2026-03-10T12:25:00Z",
      "liked_by": [
        1
      ]
    }
  },
  {
    "model": "forum.post",
    "pk": 63,
    "fields": {
      "topic": 9,
      "author": 2,
      "content": "Марина: Хорошая тема. По моему опыту, регулярность важнее идеального старта: лучше делать понемногу, но стабильно.",
      "created_at": "2026-03-10T12:42:00Z",
      "updated_at": "2026-03-10T12:42:00Z",
      "liked_by": [
        3
      ]
    }
  },
  {
    "model": "forum.topic",
    "pk": 10,
    "fields": {
      "title": "Удобные браузеры, расширения и приложения на каждый день",
      "content": "Хочу поднять тему «Удобные браузеры, расширения и приложения на каждый день». Интересно собрать не теорию, а живой опыт. Расскажите, с чего бы вы начали и что реально оказалось полезным на практике. Раздел: Железо, софт и техника. Будет здорово, если в ответах будут и личные примеры, и конкретные рекомендации.",
      "category": 2,
      "author": 3,
      "created_at": "2026-03-11T11:00:00Z",
      "updated_at": "2026-03-11T12:42:00Z",
      "is_sticky": false,
      "is_closed": true,
      "views": 105,
      "slug": "topic-4",
      "tags": [
        3,
        5,
        7
      ]
    }
  },
  {
    "model": "forum.post",
    "pk": 64,
    "fields": {
      "topic": 10,
      "author": 3,
      "content": "Хочу поднять тему «Удобные браузеры, расширения и приложения на каждый день». Интересно собрать не теорию, а живой опыт. Расскажите, с чего бы вы начали и что реально оказалось полезным на практике. Раздел: Железо, софт и техника. Будет здорово, если в ответах будут и личные примеры, и конкретные рекомендации.",
      "created_at": "2026-03-11T11:00:00Z",
      "updated_at": "2026-03-11T11:00:00Z",
      "liked_by": []
    }
  },
  {
    "model": "forum.post",
    "pk": 65,
    "fields": {
      "topic": 10,
      "author": 1,
      "content": "Алексей: Я бы начинал(а) с самого простого и не пытался(ась) охватить всё сразу. Когда есть маленький понятный шаг, двигаться намного легче.",
      "created_at": "2026-03-11T11:17:00Z",
      "updated_at": "2026-03-11T11:17:00Z",
      "liked_by": [
        3
      ]
    }
  },
  {
    "model": "forum.post",
    "pk": 66,
    "fields": {
      "topic": 10,
      "author": 2,
      "content": "Марина: У меня немного другой опыт: многое зависит от цели. Если нужен быстрый результат, лучше выбрать один инструмент и спокойно в нём разобраться.",
      "created_at": "2026-03-11T11:34:00Z",
      "updated_at": "2026-03-11T11:34:00Z",
      "liked_by": [
        1
      ]
    }
  },
  {
    "model": "forum.post",
    "pk": 67,
    "fields": {
      "topic": 10,
      "author": 3,
      "content": "Игорь: Поддержу тему. Мне обычно помогает сначала определить, какой итог хочется получить через месяц, а уже потом подбирать материалы и практику.",
      "created_at": "2026-03-11T11:51:00Z",
      "updated_at": "2026-03-11T11:51:00Z",
      "liked_by": [
        2
      ]
    }
  },
  {
    "model": "forum.post",
    "pk": 68,
    "fields": {
      "topic": 10,
      "author": 1,
      "content": "Алексей: Мне кажется, здесь важно не перегрузить себя в начале. Когда есть чёткий, но посильный план, мотивация держится гораздо лучше.",
      "created_at": "2026-03-11T12:08:00Z",
      "updated_at": "2026-03-11T12:08:00Z",
      "liked_by": [
        3
      ]
    }
  },
  {
    "model": "forum.post",
    "pk": 69,
    "fields": {
      "topic": 10,
      "author": 2,
      "content": "Марина: Я бы ещё посмотрел(а) на повседневную удобность. Иногда лучший вариант — не самый модный, а тот, которым реально приятно пользоваться каждый день.",
      "created_at": "2026-03-11T12:25:00Z",
      "updated_at": "2026-03-11T12:25:00Z",
      "liked_by": [
        1
      ]
    }
  },
  {
    "model": "forum.post",
    "pk": 70,
    "fields": {
      "topic": 10,
      "author": 3,
      "content": "Игорь: Хорошая тема. По моему опыту, регулярность важнее идеального старта: лучше делать понемногу, но стабильно.",
      "created_at": "2026-03-11T12:42:00Z",
      "updated_at": "2026-03-11T12:42:00Z",
      "liked_by": [
        2
      ]
    }
  },
  {
    "model": "forum.topic",
    "pk": 11,
    "fields": {
      "title": "Какие хобби помогают перезагрузиться после работы",
      "content": "Давайте обсудим «Какие хобби помогают перезагрузиться после работы». В интернете советов много, но хочется услышать именно личные наблюдения. Что у вас сработало лучше всего? Раздел: Хобби и творчество. Будет здорово, если в ответах будут и личные примеры, и конкретные рекомендации.",
      "category": 3,
      "author": 3,
      "created_at": "2026-03-12T10:00:00Z",
      "updated_at": "2026-03-12T11:42:00Z",
      "is_sticky": true,
      "is_closed": false,
      "views": 112,
      "slug": "topic",
      "tags": [
        4,
        6,
        8
      ]
    }
  },
  {
    "model": "forum.post",
    "pk": 71,
    "fields": {
      "topic": 11,
      "author": 3,
      "content": "Давайте обсудим «Какие хобби помогают перезагрузиться после работы». В интернете советов много, но хочется услышать именно личные наблюдения. Что у вас сработало лучше всего? Раздел: Хобби и творчество. Будет здорово, если в ответах будут и личные примеры, и конкретные рекомендации.",
      "created_at": "2026-03-12T10:00:00Z",
      "updated_at": "2026-03-12T10:00:00Z",
      "liked_by": []
    }
  },
  {
    "model": "forum.post",
    "pk": 72,
    "fields": {
      "topic": 11,
      "author": 1,
      "content": "Алексей: Я бы начинал(а) с самого простого и не пытался(ась) охватить всё сразу. Когда есть маленький понятный шаг, двигаться намного легче.",
      "created_at": "2026-03-12T10:17:00Z",
      "updated_at": "2026-03-12T10:17:00Z",
      "liked_by": [
        3
      ]
    }
  },
  {
    "model": "forum.post",
    "pk": 73,
    "fields": {
      "topic": 11,
      "author": 2,
      "content": "Марина: У меня немного другой опыт: многое зависит от цели. Если нужен быстрый результат, лучше выбрать один инструмент и спокойно в нём разобраться.",
      "created_at": "2026-03-12T10:34:00Z",
      "updated_at": "2026-03-12T10:34:00Z",
      "liked_by": [
        1
      ]
    }
  },
  {
    "model": "forum.post",
    "pk": 74,
    "fields": {
      "topic": 11,
      "author": 3,
      "content": "Игорь: Поддержу тему. Мне обычно помогает сначала определить, какой итог хочется получить через месяц, а уже потом подбирать материалы и практику.",
      "created_at": "2026-03-12T10:51:00Z",
      "updated_at": "2026-03-12T10:51:00Z",
      "liked_by": [
        2
      ]
    }
  },
  {
    "model": "forum.post",
    "pk": 75,
    "fields": {
      "topic": 11,
      "author": 1,
      "content": "Алексей: Мне кажется, здесь важно не перегрузить себя в начале. Когда есть чёткий, но посильный план, мотивация держится гораздо лучше.",
      "created_at": "2026-03-12T11:08:00Z",
      "updated_at": "2026-03-12T11:08:00Z",
      "liked_by": [
        3
      ]
    }
  },
  {
    "model": "forum.post",
    "pk": 76,
    "fields": {
      "topic": 11,
      "author": 2,
      "content": "Марина: Я бы ещё посмотрел(а) на повседневную удобность. Иногда лучший вариант — не самый модный, а тот, которым реально приятно пользоваться каждый день.",
      "created_at": "2026-03-12T11:25:00Z",
      "updated_at": "2026-03-12T11:25:00Z",
      "liked_by": [
        1
      ]
    }
  },
  {
    "model": "forum.post",
    "pk": 77,
    "fields": {
      "topic": 11,
      "author": 3,
      "content": "Игорь: Хорошая тема. По моему опыту, регулярность важнее идеального старта: лучше делать понемногу, но стабильно.",
      "created_at": "2026-03-12T11:42:00Z",
      "updated_at": "2026-03-12T11:42:00Z",
      "liked_by": [
        2
      ]
    }
  },
  {
    "model": "forum.topic",
    "pk": 12,
    "fields": {
      "title": "Рисование, фото или видео — что вам ближе",
      "content": "Недавно снова задумался(ась) о теме «Рисование, фото или видео — что вам ближе». Кажется, здесь у каждого свой подход. Поделитесь, пожалуйста, своими примерами и выводами. Раздел: Хобби и творчество. Будет здорово, если в ответах будут и личные примеры, и конкретные рекомендации.",
      "category": 3,
      "author": 1,
      "created_at": "2026-03-13T10:00:00Z",
      "updated_at": "2026-03-13T11:42:00Z",
      "is_sticky": false,
      "is_closed": false,
      "views": 119,
      "slug": "topic-2",
      "tags": [
        1,
        5,
        7
      ]
    }
  },
  {
    "model": "forum.post",
    "pk": 78,
    "fields": {
      "topic": 12,
      "author": 1,
      "content": "Недавно снова задумался(ась) о теме «Рисование, фото или видео — что вам ближе». Кажется, здесь у каждого свой подход. Поделитесь, пожалуйста, своими примерами и выводами. Раздел: Хобби и творчество. Будет здорово, если в ответах будут и личные примеры, и конкретные рекомендации.",
      "created_at": "2026-03-13T10:00:00Z",
      "updated_at": "2026-03-13T10:00:00Z",
      "liked_by": []
    }
  },
  {
    "model": "forum.post",
    "pk": 79,
    "fields": {
      "topic": 12,
      "author": 2,
      "content": "Марина: Я бы начинал(а) с самого простого и не пытался(ась) охватить всё сразу. Когда есть маленький понятный шаг, двигаться намного легче.",
      "created_at": "2026-03-13T10:17:00Z",
      "updated_at": "2026-03-13T10:17:00Z",
      "liked_by": [
        1,
        3
      ]
    }
  },
  {
    "model": "forum.post",
    "pk": 80,
    "fields": {
      "topic": 12,
      "author": 3,
      "content": "Игорь: У меня немного другой опыт: многое зависит от цели. Если нужен быстрый результат, лучше выбрать один инструмент и спокойно в нём разобраться.",
      "created_at": "2026-03-13T10:34:00Z",
      "updated_at": "2026-03-13T10:34:00Z",
      "liked_by": [
        1,
        2
      ]
    }
  },
  {
    "model": "forum.post",
    "pk": 81,
    "fields": {
      "topic": 12,
      "author": 1,
      "content": "Алексей: Поддержу тему. Мне обычно помогает сначала определить, какой итог хочется получить через месяц, а уже потом подбирать материалы и практику.",
      "created_at": "2026-03-13T10:51:00Z",
      "updated_at": "2026-03-13T10:51:00Z",
      "liked_by": [
        2
      ]
    }
  },
  {
    "model": "forum.post",
    "pk": 82,
    "fields": {
      "topic": 12,
      "author": 2,
      "content": "Марина: Мне кажется, здесь важно не перегрузить себя в начале. Когда есть чёткий, но посильный план, мотивация держится гораздо лучше.",
      "created_at": "2026-03-13T11:08:00Z",
      "updated_at": "2026-03-13T11:08:00Z",
      "liked_by": [
        3
      ]
    }
  },
  {
    "model": "forum.post",
    "pk": 83,
    "fields": {
      "topic": 12,
      "author": 3,
      "content": "Игорь: Я бы ещё посмотрел(а) на повседневную удобность. Иногда лучший вариант — не самый модный, а тот, которым реально приятно пользоваться каждый день.",
      "created_at": "2026-03-13T11:25:00Z",
      "updated_at": "2026-03-13T11:25:00Z",
      "liked_by": [
        1
      ]
    }
  },
  {
    "model": "forum.post",
    "pk": 84,
    "fields": {
      "topic": 12,
      "author": 1,
      "content": "Алексей: Хорошая тема. По моему опыту, регулярность важнее идеального старта: лучше делать понемногу, но стабильно.",
      "created_at": "2026-03-13T11:42:00Z",
      "updated_at": "2026-03-13T11:42:00Z",
      "liked_by": [
        2,
        3
      ]
    }
  },
  {
    "model": "forum.topic",
    "pk": 13,
    "fields": {
      "title": "Кто чем занимается дома в свободное время",
      "content": "Хочу поднять тему «Кто чем занимается дома в свободное время». Интересно собрать не теорию, а живой опыт. Расскажите, с чего бы вы начали и что реально оказалось полезным на практике. Раздел: Хобби и творчество. Будет здорово, если в ответах будут и личные примеры, и конкретные рекомендации.",
      "category": 3,
      "author": 2,
      "created_at": "2026-03-14T10:00:00Z",
      "updated_at": "2026-03-14T11:42:00Z",
      "is_sticky": false,
      "is_closed": false,
      "views": 126,
      "slug": "topic-3",
      "tags": [
        2,
        6,
        8
      ]
    }
  },
  {
    "model": "forum.post",
    "pk": 85,
    "fields": {
      "topic": 13,
      "author": 2,
      "content": "Хочу поднять тему «Кто чем занимается дома в свободное время». Интересно собрать не теорию, а живой опыт. Расскажите, с чего бы вы начали и что реально оказалось полезным на практике. Раздел: Хобби и творчество. Будет здорово, если в ответах будут и личные примеры, и конкретные рекомендации.",
      "created_at": "2026-03-14T10:00:00Z",
      "updated_at": "2026-03-14T10:00:00Z",
      "liked_by": []
    }
  },
  {
    "model": "forum.post",
    "pk": 86,
    "fields": {
      "topic": 13,
      "author": 1,
      "content": "Алексей: Я бы начинал(а) с самого простого и не пытался(ась) охватить всё сразу. Когда есть маленький понятный шаг, двигаться намного легче.",
      "created_at": "2026-03-14T10:17:00Z",
      "updated_at": "2026-03-14T10:17:00Z",
      "liked_by": [
        3
      ]
    }
  },
  {
    "model": "forum.post",
    "pk": 87,
    "fields": {
      "topic": 13,
      "author": 3,
      "content": "Игорь: У меня немного другой опыт: многое зависит от цели. Если нужен быстрый результат, лучше выбрать один инструмент и спокойно в нём разобраться.",
      "created_at": "2026-03-14T10:34:00Z",
      "updated_at": "2026-03-14T10:34:00Z",
      "liked_by": [
        1,
        2
      ]
    }
  },
  {
    "model": "forum.post",
    "pk": 88,
    "fields": {
      "topic": 13,
      "author": 2,
      "content": "Марина: Поддержу тему. Мне обычно помогает сначала определить, какой итог хочется получить через месяц, а уже потом подбирать материалы и практику.",
      "created_at": "2026-03-14T10:51:00Z",
      "updated_at": "2026-03-14T10:51:00Z",
      "liked_by": []
    }
  },
  {
    "model": "forum.post",
    "pk": 89,
    "fields": {
      "topic": 13,
      "author": 1,
      "content": "Алексей: Мне кажется, здесь важно не перегрузить себя в начале. Когда есть чёткий, но посильный план, мотивация держится гораздо лучше.",
      "created_at": "2026-03-14T11:08:00Z",
      "updated_at": "2026-03-14T11:08:00Z",
      "liked_by": [
        3
      ]
    }
  },
  {
    "model": "forum.post",
    "pk": 90,
    "fields": {
      "topic": 13,
      "author": 3,
      "content": "Игорь: Я бы ещё посмотрел(а) на повседневную удобность. Иногда лучший вариант — не самый модный, а тот, которым реально приятно пользоваться каждый день.",
      "created_at": "2026-03-14T11:25:00Z",
      "updated_at": "2026-03-14T11:25:00Z",
      "liked_by": [
        1
      ]
    }
  },
  {
    "model": "forum.post",
    "pk": 91,
    "fields": {
      "topic": 13,
      "author": 2,
      "content": "Марина: Хорошая тема. По моему опыту, регулярность важнее идеального старта: лучше делать понемногу, но стабильно.",
      "created_at": "2026-03-14T11:42:00Z",
      "updated_at": "2026-03-14T11:42:00Z",
      "liked_by": [
        3
      ]
    }
  },
  {
    "model": "forum.topic",
    "pk": 14,
    "fields": {
      "title": "Интересные DIY-проекты своими руками",
      "content": "Давайте обсудим «Интересные DIY-проекты своими руками». В интернете советов много, но хочется услышать именно личные наблюдения. Что у вас сработало лучше всего? Раздел: Хобби и творчество. Будет здорово, если в ответах будут и личные примеры, и конкретные рекомендации.",
      "category": 3,
      "author": 3,
      "created_at": "2026-03-15T10:00:00Z",
      "updated_at": "2026-03-15T11:42:00Z",
      "is_sticky": false,
      "is_closed": false,
      "views": 133,
      "slug": "diy",
      "tags": [
        1,
        3,
        7
      ]
    }
  },
  {
    "model": "forum.post",
    "pk": 92,
    "fields": {
      "topic": 14,
      "author": 3,
      "content": "Давайте обсудим «Интересные DIY-проекты своими руками». В интернете советов много, но хочется услышать именно личные наблюдения. Что у вас сработало лучше всего? Раздел: Хобби и творчество. Будет здорово, если в ответах будут и личные примеры, и конкретные рекомендации.",
      "created_at": "2026-03-15T10:00:00Z",
      "updated_at": "2026-03-15T10:00:00Z",
      "liked_by": []
    }
  },
  {
    "model": "forum.post",
    "pk": 93,
    "fields": {
      "topic": 14,
      "author": 1,
      "content": "Алексей: Я бы начинал(а) с самого простого и не пытался(ась) охватить всё сразу. Когда есть маленький понятный шаг, двигаться намного легче.",
      "created_at": "2026-03-15T10:17:00Z",
      "updated_at": "2026-03-15T10:17:00Z",
      "liked_by": [
        3
      ]
    }
  },
  {
    "model": "forum.post",
    "pk": 94,
    "fields": {
      "topic": 14,
      "author": 2,
      "content": "Марина: У меня немного другой опыт: многое зависит от цели. Если нужен быстрый результат, лучше выбрать один инструмент и спокойно в нём разобраться.",
      "created_at": "2026-03-15T10:34:00Z",
      "updated_at": "2026-03-15T10:34:00Z",
      "liked_by": [
        1
      ]
    }
  },
  {
    "model": "forum.post",
    "pk": 95,
    "fields": {
      "topic": 14,
      "author": 3,
      "content": "Игорь: Поддержу тему. Мне обычно помогает сначала определить, какой итог хочется получить через месяц, а уже потом подбирать материалы и практику.",
      "created_at": "2026-03-15T10:51:00Z",
      "updated_at": "2026-03-15T10:51:00Z",
      "liked_by": [
        2
      ]
    }
  },
  {
    "model": "forum.post",
    "pk": 96,
    "fields": {
      "topic": 14,
      "author": 1,
      "content": "Алексей: Мне кажется, здесь важно не перегрузить себя в начале. Когда есть чёткий, но посильный план, мотивация держится гораздо лучше.",
      "created_at": "2026-03-15T11:08:00Z",
      "updated_at": "2026-03-15T11:08:00Z",
      "liked_by": [
        3
      ]
    }
  },
  {
    "model": "forum.post",
    "pk": 97,
    "fields": {
      "topic": 14,
      "author": 2,
      "content": "Марина: Я бы ещё посмотрел(а) на повседневную удобность. Иногда лучший вариант — не самый модный, а тот, которым реально приятно пользоваться каждый день.",
      "created_at": "2026-03-15T11:25:00Z",
      "updated_at": "2026-03-15T11:25:00Z",
      "liked_by": [
        1
      ]
    }
  },
  {
    "model": "forum.post",
    "pk": 98,
    "fields": {
      "topic": 14,
      "author": 3,
      "content": "Игорь: Хорошая тема. По моему опыту, регулярность важнее идеального старта: лучше делать понемногу, но стабильно.",
      "created_at": "2026-03-15T11:42:00Z",
      "updated_at": "2026-03-15T11:42:00Z",
      "liked_by": [
        2
      ]
    }
  },
  {
    "model": "forum.topic",
    "pk": 15,
    "fields": {
      "title": "Любимые книги, фильмы и сериалы для вдохновения",
      "content": "Недавно снова задумался(ась) о теме «Любимые книги, фильмы и сериалы для вдохновения». Кажется, здесь у каждого свой подход. Поделитесь, пожалуйста, своими примерами и выводами. Раздел: Хобби и творчество. Будет здорово, если в ответах будут и личные примеры, и конкретные рекомендации.",
      "category": 3,
      "author": 1,
      "created_at": "2026-03-16T10:00:00Z",
      "updated_at": "2026-03-16T11:42:00Z",
      "is_sticky": false,
      "is_closed": false,
      "views": 140,
      "slug": "topic-4",
      "tags": [
        2,
        4,
        8
      ]
    }
  },
  {
    "model": "forum.post",
    "pk": 99,
    "fields": {
      "topic": 15,
      "author": 1,
      "content": "Недавно снова задумался(ась) о теме «Любимые книги, фильмы и сериалы для вдохновения». Кажется, здесь у каждого свой подход. Поделитесь, пожалуйста, своими примерами и выводами. Раздел: Хобби и творчество. Будет здорово, если в ответах будут и личные примеры, и конкретные рекомендации.",
      "created_at": "2026-03-16T10:00:00Z",
      "updated_at": "2026-03-16T10:00:00Z",
      "liked_by": []
    }
  },
  {
    "model": "forum.post",
    "pk": 100,
    "fields": {
      "topic": 15,
      "author": 2,
      "content": "Марина: Я бы начинал(а) с самого простого и не пытался(ась) охватить всё сразу. Когда есть маленький понятный шаг, двигаться намного легче.",
      "created_at": "2026-03-16T10:17:00Z",
      "updated_at": "2026-03-16T10:17:00Z",
      "liked_by": [
        1,
        3
      ]
    }
  },
  {
    "model": "forum.post",
    "pk": 101,
    "fields": {
      "topic": 15,
      "author": 3,
      "content": "Игорь: У меня немного другой опыт: многое зависит от цели. Если нужен быстрый результат, лучше выбрать один инструмент и спокойно в нём разобраться.",
      "created_at": "2026-03-16T10:34:00Z",
      "updated_at": "2026-03-16T10:34:00Z",
      "liked_by": [
        1,
        2
      ]
    }
  },
  {
    "model": "forum.post",
    "pk": 102,
    "fields": {
      "topic": 15,
      "author": 1,
      "content": "Алексей: Поддержу тему. Мне обычно помогает сначала определить, какой итог хочется получить через месяц, а уже потом подбирать материалы и практику.",
      "created_at": "2026-03-16T10:51:00Z",
      "updated_at": "2026-03-16T10:51:00Z",
      "liked_by": [
        2
      ]
    }
  },
  {
    "model": "forum.post",
    "pk": 103,
    "fields": {
      "topic": 15,
      "author": 2,
      "content": "Марина: Мне кажется, здесь важно не перегрузить себя в начале. Когда есть чёткий, но посильный план, мотивация держится гораздо лучше.",
      "created_at": "2026-03-16T11:08:00Z",
      "updated_at": "2026-03-16T11:08:00Z",
      "liked_by": [
        3
      ]
    }
  },
  {
    "model": "forum.post",
    "pk": 104,
    "fields": {
      "topic": 15,
      "author": 3,
      "content": "Игорь: Я бы ещё посмотрел(а) на повседневную удобность. Иногда лучший вариант — не самый модный, а тот, которым реально приятно пользоваться каждый день.",
      "created_at": "2026-03-16T11:25:00Z",
      "updated_at": "2026-03-16T11:25:00Z",
      "liked_by": [
        1
      ]
    }
  },
  {
    "model": "forum.post",
    "pk": 105,
    "fields": {
      "topic": 15,
      "author": 1,
      "content": "Алексей: Хорошая тема. По моему опыту, регулярность важнее идеального старта: лучше делать понемногу, но стабильно.",
      "created_at": "2026-03-16T11:42:00Z",
      "updated_at": "2026-03-16T11:42:00Z",
      "liked_by": [
        2,
        3
      ]
    }
  },
  {
    "model": "forum.topic",
    "pk": 16,
    "fields": {
      "title": "Во что вы играете в последнее время",
      "content": "Хочу поднять тему «Во что вы играете в последнее время». Интересно собрать не теорию, а живой опыт. Расскажите, с чего бы вы начали и что реально оказалось полезным на практике. Раздел: Игры и цифровые развлечения. Будет здорово, если в ответах будут и личные примеры, и конкретные рекомендации.",
      "category": 4,
      "author": 1,
      "created_at": "2026-03-17T09:00:00Z",
      "updated_at": "2026-03-17T10:42:00Z",
      "is_sticky": false,
      "is_closed": false,
      "views": 147,
      "slug": "topic",
      "tags": [
        1,
        3,
        5
      ]
    }
  },
  {
    "model": "forum.post",
    "pk": 106,
    "fields": {
      "topic": 16,
      "author": 1,
      "content": "Хочу поднять тему «Во что вы играете в последнее время». Интересно собрать не теорию, а живой опыт. Расскажите, с чего бы вы начали и что реально оказалось полезным на практике. Раздел: Игры и цифровые развлечения. Будет здорово, если в ответах будут и личные примеры, и конкретные рекомендации.",
      "created_at": "2026-03-17T09:00:00Z",
      "updated_at": "2026-03-17T09:00:00Z",
      "liked_by": []
    }
  },
  {
    "model": "forum.post",
    "pk": 107,
    "fields": {
      "topic": 16,
      "author": 2,
      "content": "Марина: Я бы начинал(а) с самого простого и не пытался(ась) охватить всё сразу. Когда есть маленький понятный шаг, двигаться намного легче.",
      "created_at": "2026-03-17T09:17:00Z",
      "updated_at": "2026-03-17T09:17:00Z",
      "liked_by": [
        1,
        3
      ]
    }
  },
  {
    "model": "forum.post",
    "pk": 108,
    "fields": {
      "topic": 16,
      "author": 3,
      "content": "Игорь: У меня немного другой опыт: многое зависит от цели. Если нужен быстрый результат, лучше выбрать один инструмент и спокойно в нём разобраться.",
      "created_at": "2026-03-17T09:34:00Z",
      "updated_at": "2026-03-17T09:34:00Z",
      "liked_by": [
        1,
        2
      ]
    }
  },
  {
    "model": "forum.post",
    "pk": 109,
    "fields": {
      "topic": 16,
      "author": 1,
      "content": "Алексей: Поддержу тему. Мне обычно помогает сначала определить, какой итог хочется получить через месяц, а уже потом подбирать материалы и практику.",
      "created_at": "2026-03-17T09:51:00Z",
      "updated_at": "2026-03-17T09:51:00Z",
      "liked_by": [
        2
      ]
    }
  },
  {
    "model": "forum.post",
    "pk": 110,
    "fields": {
      "topic": 16,
      "author": 2,
      "content": "Марина: Мне кажется, здесь важно не перегрузить себя в начале. Когда есть чёткий, но посильный план, мотивация держится гораздо лучше.",
      "created_at": "2026-03-17T10:08:00Z",
      "updated_at": "2026-03-17T10:08:00Z",
      "liked_by": [
        3
      ]
    }
  },
  {
    "model": "forum.post",
    "pk": 111,
    "fields": {
      "topic": 16,
      "author": 3,
      "content": "Игорь: Я бы ещё посмотрел(а) на повседневную удобность. Иногда лучший вариант — не самый модный, а тот, которым реально приятно пользоваться каждый день.",
      "created_at": "2026-03-17T10:25:00Z",
      "updated_at": "2026-03-17T10:25:00Z",
      "liked_by": [
        1
      ]
    }
  },
  {
    "model": "forum.post",
    "pk": 112,
    "fields": {
      "topic": 16,
      "author": 1,
      "content": "Алексей: Хорошая тема. По моему опыту, регулярность важнее идеального старта: лучше делать понемногу, но стабильно.",
      "created_at": "2026-03-17T10:42:00Z",
      "updated_at": "2026-03-17T10:42:00Z",
      "liked_by": [
        2,
        3
      ]
    }
  },
  {
    "model": "forum.topic",
    "pk": 17,
    "fields": {
      "title": "Лучшие одиночные игры, которые стоит пройти",
      "content": "Давайте обсудим «Лучшие одиночные игры, которые стоит пройти». В интернете советов много, но хочется услышать именно личные наблюдения. Что у вас сработало лучше всего? Раздел: Игры и цифровые развлечения. Будет здорово, если в ответах будут и личные примеры, и конкретные рекомендации.",
      "category": 4,
      "author": 2,
      "created_at": "2026-03-18T09:00:00Z",
      "updated_at": "2026-03-18T10:42:00Z",
      "is_sticky": false,
      "is_closed": false,
      "views": 154,
      "slug": "topic-2",
      "tags": [
        2,
        4,
        6
      ]
    }
  },
  {
    "model": "forum.post",
    "pk": 113,
    "fields": {
      "topic": 17,
      "author": 2,
      "content": "Давайте обсудим «Лучшие одиночные игры, которые стоит пройти». В интернете советов много, но хочется услышать именно личные наблюдения. Что у вас сработало лучше всего? Раздел: Игры и цифровые развлечения. Будет здорово, если в ответах будут и личные примеры, и конкретные рекомендации.",
      "created_at": "2026-03-18T09:00:00Z",
      "updated_at": "2026-03-18T09:00:00Z",
      "liked_by": []
    }
  },
  {
    "model": "forum.post",
    "pk": 114,
    "fields": {
      "topic": 17,
      "author": 1,
      "content": "Алексей: Я бы начинал(а) с самого простого и не пытался(ась) охватить всё сразу. Когда есть маленький понятный шаг, двигаться намного легче.",
      "created_at": "2026-03-18T09:17:00Z",
      "updated_at": "2026-03-18T09:17:00Z",
      "liked_by": [
        3
      ]
    }
  },
  {
    "model": "forum.post",
    "pk": 115,
    "fields": {
      "topic": 17,
      "author": 3,
      "content": "Игорь: У меня немного другой опыт: многое зависит от цели. Если нужен быстрый результат, лучше выбрать один инструмент и спокойно в нём разобраться.",
      "created_at": "2026-03-18T09:34:00Z",
      "updated_at": "2026-03-18T09:34:00Z",
      "liked_by": [
        1,
        2
      ]
    }
  },
  {
    "model": "forum.post",
    "pk": 116,
    "fields": {
      "topic": 17,
      "author": 2,
      "content": "Марина: Поддержу тему. Мне обычно помогает сначала определить, какой итог хочется получить через месяц, а уже потом подбирать материалы и практику.",
      "created_at": "2026-03-18T09:51:00Z",
      "updated_at": "2026-03-18T09:51:00Z",
      "liked_by": []
    }
  },
  {
    "model": "forum.post",
    "pk": 117,
    "fields": {
      "topic": 17,
      "author": 1,
      "content": "Алексей: Мне кажется, здесь важно не перегрузить себя в начале. Когда есть чёткий, но посильный план, мотивация держится гораздо лучше.",
      "created_at": "2026-03-18T10:08:00Z",
      "updated_at": "2026-03-18T10:08:00Z",
      "liked_by": [
        3
      ]
    }
  },
  {
    "model": "forum.post",
    "pk": 118,
    "fields": {
      "topic": 17,
      "author": 3,
      "content": "Игорь: Я бы ещё посмотрел(а) на повседневную удобность. Иногда лучший вариант — не самый модный, а тот, которым реально приятно пользоваться каждый день.",
      "created_at": "2026-03-18T10:25:00Z",
      "updated_at": "2026-03-18T10:25:00Z",
      "liked_by": [
        1
      ]
    }
  },
  {
    "model": "forum.post",
    "pk": 119,
    "fields": {
      "topic": 17,
      "author": 2,
      "content": "Марина: Хорошая тема. По моему опыту, регулярность важнее идеального старта: лучше делать понемногу, но стабильно.",
      "created_at": "2026-03-18T10:42:00Z",
      "updated_at": "2026-03-18T10:42:00Z",
      "liked_by": [
        3
      ]
    }
  },
  {
    "model": "forum.topic",
    "pk": 18,
    "fields": {
      "title": "Онлайн-игры: что сейчас действительно интересно",
      "content": "Недавно снова задумался(ась) о теме «Онлайн-игры: что сейчас действительно интересно». Кажется, здесь у каждого свой подход. Поделитесь, пожалуйста, своими примерами и выводами. Раздел: Игры и цифровые развлечения. Будет здорово, если в ответах будут и личные примеры, и конкретные рекомендации.",
      "category": 4,
      "author": 3,
      "created_at": "2026-03-19T09:00:00Z",
      "updated_at": "2026-03-19T10:42:00Z",
      "is_sticky": false,
      "is_closed": false,
      "views": 161,
      "slug": "topic-3",
      "tags": [
        3,
        5,
        7
      ]
    }
  },
  {
    "model": "forum.post",
    "pk": 120,
    "fields": {
      "topic": 18,
      "author": 3,
      "content": "Недавно снова задумался(ась) о теме «Онлайн-игры: что сейчас действительно интересно». Кажется, здесь у каждого свой подход. Поделитесь, пожалуйста, своими примерами и выводами. Раздел: Игры и цифровые развлечения. Будет здорово, если в ответах будут и личные примеры, и конкретные рекомендации.",
      "created_at": "2026-03-19T09:00:00Z",
      "updated_at": "2026-03-19T09:00:00Z",
      "liked_by": []
    }
  },
  {
    "model": "forum.post",
    "pk": 121,
    "fields": {
      "topic": 18,
      "author": 1,
      "content": "Алексей: Я бы начинал(а) с самого простого и не пытался(ась) охватить всё сразу. Когда есть маленький понятный шаг, двигаться намного легче.",
      "created_at": "2026-03-19T09:17:00Z",
      "updated_at": "2026-03-19T09:17:00Z",
      "liked_by": [
        3
      ]
    }
  },
  {
    "model": "forum.post",
    "pk": 122,
    "fields": {
      "topic": 18,
      "author": 2,
      "content": "Марина: У меня немного другой опыт: многое зависит от цели. Если нужен быстрый результат, лучше выбрать один инструмент и спокойно в нём разобраться.",
      "created_at": "2026-03-19T09:34:00Z",
      "updated_at": "2026-03-19T09:34:00Z",
      "liked_by": [
        1
      ]
    }
  },
  {
    "model": "forum.post",
    "pk": 123,
    "fields": {
      "topic": 18,
      "author": 3,
      "content": "Игорь: Поддержу тему. Мне обычно помогает сначала определить, какой итог хочется получить через месяц, а уже потом подбирать материалы и практику.",
      "created_at": "2026-03-19T09:51:00Z",
      "updated_at": "2026-03-19T09:51:00Z",
      "liked_by": [
        2
      ]
    }
  },
  {
    "model": "forum.post",
    "pk": 124,
    "fields": {
      "topic": 18,
      "author": 1,
      "content": "Алексей: Мне кажется, здесь важно не перегрузить себя в начале. Когда есть чёткий, но посильный план, мотивация держится гораздо лучше.",
      "created_at": "2026-03-19T10:08:00Z",
      "updated_at": "2026-03-19T10:08:00Z",
      "liked_by": [
        3
      ]
    }
  },
  {
    "model": "forum.post",
    "pk": 125,
    "fields": {
      "topic": 18,
      "author": 2,
      "content": "Марина: Я бы ещё посмотрел(а) на повседневную удобность. Иногда лучший вариант — не самый модный, а тот, которым реально приятно пользоваться каждый день.",
      "created_at": "2026-03-19T10:25:00Z",
      "updated_at": "2026-03-19T10:25:00Z",
      "liked_by": [
        1
      ]
    }
  },
  {
    "model": "forum.post",
    "pk": 126,
    "fields": {
      "topic": 18,
      "author": 3,
      "content": "Игорь: Хорошая тема. По моему опыту, регулярность важнее идеального старта: лучше делать понемногу, но стабильно.",
      "created_at": "2026-03-19T10:42:00Z",
      "updated_at": "2026-03-19T10:42:00Z",
      "liked_by": [
        2
      ]
    }
  },
  {
    "model": "forum.topic",
    "pk": 19,
    "fields": {
      "title": "Старые игры, к которым хочется возвращаться",
      "content": "Хочу поднять тему «Старые игры, к которым хочется возвращаться». Интересно собрать не теорию, а живой опыт. Расскажите, с чего бы вы начали и что реально оказалось полезным на практике. Раздел: Игры и цифровые развлечения. Будет здорово, если в ответах будут и личные примеры, и конкретные рекомендации.",
      "category": 4,
      "author": 1,
      "created_at": "2026-03-20T09:00:00Z",
      "updated_at": "2026-03-20T10:42:00Z",
      "is_sticky": false,
      "is_closed": false,
      "views": 168,
      "slug": "topic-4",
      "tags": [
        4,
        6,
        8
      ]
    }
  },
  {
    "model": "forum.post",
    "pk": 127,
    "fields": {
      "topic": 19,
      "author": 1,
      "content": "Хочу поднять тему «Старые игры, к которым хочется возвращаться». Интересно собрать не теорию, а живой опыт. Расскажите, с чего бы вы начали и что реально оказалось полезным на практике. Раздел: Игры и цифровые развлечения. Будет здорово, если в ответах будут и личные примеры, и конкретные рекомендации.",
      "created_at": "2026-03-20T09:00:00Z",
      "updated_at": "2026-03-20T09:00:00Z",
      "liked_by": []
    }
  },
  {
    "model": "forum.post",
    "pk": 128,
    "fields": {
      "topic": 19,
      "author": 2,
      "content": "Марина: Я бы начинал(а) с самого простого и не пытался(ась) охватить всё сразу. Когда есть маленький понятный шаг, двигаться намного легче.",
      "created_at": "2026-03-20T09:17:00Z",
      "updated_at": "2026-03-20T09:17:00Z",
      "liked_by": [
        1,
        3
      ]
    }
  },
  {
    "model": "forum.post",
    "pk": 129,
    "fields": {
      "topic": 19,
      "author": 3,
      "content": "Игорь: У меня немного другой опыт: многое зависит от цели. Если нужен быстрый результат, лучше выбрать один инструмент и спокойно в нём разобраться.",
      "created_at": "2026-03-20T09:34:00Z",
      "updated_at": "2026-03-20T09:34:00Z",
      "liked_by": [
        1,
        2
      ]
    }
  },
  {
    "model": "forum.post",
    "pk": 130,
    "fields": {
      "topic": 19,
      "author": 1,
      "content": "Алексей: Поддержу тему. Мне обычно помогает сначала определить, какой итог хочется получить через месяц, а уже потом подбирать материалы и практику.",
      "created_at": "2026-03-20T09:51:00Z",
      "updated_at": "2026-03-20T09:51:00Z",
      "liked_by": [
        2
      ]
    }
  },
  {
    "model": "forum.post",
    "pk": 131,
    "fields": {
      "topic": 19,
      "author": 2,
      "content": "Марина: Мне кажется, здесь важно не перегрузить себя в начале. Когда есть чёткий, но посильный план, мотивация держится гораздо лучше.",
      "created_at": "2026-03-20T10:08:00Z",
      "updated_at": "2026-03-20T10:08:00Z",
      "liked_by": [
        3
      ]
    }
  },
  {
    "model": "forum.post",
    "pk": 132,
    "fields": {
      "topic": 19,
      "author": 3,
      "content": "Игорь: Я бы ещё посмотрел(а) на повседневную удобность. Иногда лучший вариант — не самый модный, а тот, которым реально приятно пользоваться каждый день.",
      "created_at": "2026-03-20T10:25:00Z",
      "updated_at": "2026-03-20T10:25:00Z",
      "liked_by": [
        1
      ]
    }
  },
  {
    "model": "forum.post",
    "pk": 133,
    "fields": {
      "topic": 19,
      "author": 1,
      "content": "Алексей: Хорошая тема. По моему опыту, регулярность важнее идеального старта: лучше делать понемногу, но стабильно.",
      "created_at": "2026-03-20T10:42:00Z",
      "updated_at": "2026-03-20T10:42:00Z",
      "liked_by": [
        2,
        3
      ]
    }
  },
  {
    "model": "forum.topic",
    "pk": 20,
    "fields": {
      "title": "Игры для слабого ноутбука или старого ПК",
      "content": "Давайте обсудим «Игры для слабого ноутбука или старого ПК». В интернете советов много, но хочется услышать именно личные наблюдения. Что у вас сработало лучше всего? Раздел: Игры и цифровые развлечения. Будет здорово, если в ответах будут и личные примеры, и конкретные рекомендации.",
      "category": 4,
      "author": 2,
      "created_at": "2026-03-21T09:00:00Z",
      "updated_at": "2026-03-21T10:42:00Z",
      "is_sticky": false,
      "is_closed": true,
      "views": 175,
      "slug": "topic-5",
      "tags": [
        1,
        5,
        7
      ]
    }
  },
  {
    "model": "forum.post",
    "pk": 134,
    "fields": {
      "topic": 20,
      "author": 2,
      "content": "Давайте обсудим «Игры для слабого ноутбука или старого ПК». В интернете советов много, но хочется услышать именно личные наблюдения. Что у вас сработало лучше всего? Раздел: Игры и цифровые развлечения. Будет здорово, если в ответах будут и личные примеры, и конкретные рекомендации.",
      "created_at": "2026-03-21T09:00:00Z",
      "updated_at": "2026-03-21T09:00:00Z",
      "liked_by": []
    }
  },
  {
    "model": "forum.post",
    "pk": 135,
    "fields": {
      "topic": 20,
      "author": 1,
      "content": "Алексей: Я бы начинал(а) с самого простого и не пытался(ась) охватить всё сразу. Когда есть маленький понятный шаг, двигаться намного легче.",
      "created_at": "2026-03-21T09:17:00Z",
      "updated_at": "2026-03-21T09:17:00Z",
      "liked_by": [
        3
      ]
    }
  },
  {
    "model": "forum.post",
    "pk": 136,
    "fields": {
      "topic": 20,
      "author": 3,
      "content": "Игорь: У меня немного другой опыт: многое зависит от цели. Если нужен быстрый результат, лучше выбрать один инструмент и спокойно в нём разобраться.",
      "created_at": "2026-03-21T09:34:00Z",
      "updated_at": "2026-03-21T09:34:00Z",
      "liked_by": [
        1,
        2
      ]
    }
  },
  {
    "model": "forum.post",
    "pk": 137,
    "fields": {
      "topic": 20,
      "author": 2,
      "content": "Марина: Поддержу тему. Мне обычно помогает сначала определить, какой итог хочется получить через месяц, а уже потом подбирать материалы и практику.",
      "created_at": "2026-03-21T09:51:00Z",
      "updated_at": "2026-03-21T09:51:00Z",
      "liked_by": []
    }
  },
  {
    "model": "forum.post",
    "pk": 138,
    "fields": {
      "topic": 20,
      "author": 1,
      "content": "Алексей: Мне кажется, здесь важно не перегрузить себя в начале. Когда есть чёткий, но посильный план, мотивация держится гораздо лучше.",
      "created_at": "2026-03-21T10:08:00Z",
      "updated_at": "2026-03-21T10:08:00Z",
      "liked_by": [
        3
      ]
    }
  },
  {
    "model": "forum.post",
    "pk": 139,
    "fields": {
      "topic": 20,
      "author": 3,
      "content": "Игорь: Я бы ещё посмотрел(а) на повседневную удобность. Иногда лучший вариант — не самый модный, а тот, которым реально приятно пользоваться каждый день.",
      "created_at": "2026-03-21T10:25:00Z",
      "updated_at": "2026-03-21T10:25:00Z",
      "liked_by": [
        1
      ]
    }
  },
  {
    "model": "forum.post",
    "pk": 140,
    "fields": {
      "topic": 20,
      "author": 2,
      "content": "Марина: Хорошая тема. По моему опыту, регулярность важнее идеального старта: лучше делать понемногу, но стабильно.",
      "created_at": "2026-03-21T10:42:00Z",
      "updated_at": "2026-03-21T10:42:00Z",
      "liked_by": [
        3
      ]
    }
  },
  {
    "model": "forum.topic",
    "pk": 21,
    "fields": {
      "title": "Как не бросать обучение на полпути",
      "content": "Недавно снова задумался(ась) о теме «Как не бросать обучение на полпути». Кажется, здесь у каждого свой подход. Поделитесь, пожалуйста, своими примерами и выводами. Раздел: Работа, учёба и саморазвитие. Будет здорово, если в ответах будут и личные примеры, и конкретные рекомендации.",
      "category": 5,
      "author": 2,
      "created_at": "2026-03-22T08:00:00Z",
      "updated_at": "2026-03-22T09:42:00Z",
      "is_sticky": false,
      "is_closed": false,
      "views": 182,
      "slug": "topic",
      "tags": [
        2,
        6,
        8
      ]
    }
  },
  {
    "model": "forum.post",
    "pk": 141,
    "fields": {
      "topic": 21,
      "author": 2,
      "content": "Недавно снова задумался(ась) о теме «Как не бросать обучение на полпути». Кажется, здесь у каждого свой подход. Поделитесь, пожалуйста, своими примерами и выводами. Раздел: Работа, учёба и саморазвитие. Будет здорово, если в ответах будут и личные примеры, и конкретные рекомендации.",
      "created_at": "2026-03-22T08:00:00Z",
      "updated_at": "2026-03-22T08:00:00Z",
      "liked_by": []
    }
  },
  {
    "model": "forum.post",
    "pk": 142,
    "fields": {
      "topic": 21,
      "author": 1,
      "content": "Алексей: Я бы начинал(а) с самого простого и не пытался(ась) охватить всё сразу. Когда есть маленький понятный шаг, двигаться намного легче.",
      "created_at": "2026-03-22T08:17:00Z",
      "updated_at": "2026-03-22T08:17:00Z",
      "liked_by": [
        3
      ]
    }
  },
  {
    "model": "forum.post",
    "pk": 143,
    "fields": {
      "topic": 21,
      "author": 3,
      "content": "Игорь: У меня немного другой опыт: многое зависит от цели. Если нужен быстрый результат, лучше выбрать один инструмент и спокойно в нём разобраться.",
      "created_at": "2026-03-22T08:34:00Z",
      "updated_at": "2026-03-22T08:34:00Z",
      "liked_by": [
        1,
        2
      ]
    }
  },
  {
    "model": "forum.post",
    "pk": 144,
    "fields": {
      "topic": 21,
      "author": 2,
      "content": "Марина: Поддержу тему. Мне обычно помогает сначала определить, какой итог хочется получить через месяц, а уже потом подбирать материалы и практику.",
      "created_at": "2026-03-22T08:51:00Z",
      "updated_at": "2026-03-22T08:51:00Z",
      "liked_by": []
    }
  },
  {
    "model": "forum.post",
    "pk": 145,
    "fields": {
      "topic": 21,
      "author": 1,
      "content": "Алексей: Мне кажется, здесь важно не перегрузить себя в начале. Когда есть чёткий, но посильный план, мотивация держится гораздо лучше.",
      "created_at": "2026-03-22T09:08:00Z",
      "updated_at": "2026-03-22T09:08:00Z",
      "liked_by": [
        3
      ]
    }
  },
  {
    "model": "forum.post",
    "pk": 146,
    "fields": {
      "topic": 21,
      "author": 3,
      "content": "Игорь: Я бы ещё посмотрел(а) на повседневную удобность. Иногда лучший вариант — не самый модный, а тот, которым реально приятно пользоваться каждый день.",
      "created_at": "2026-03-22T09:25:00Z",
      "updated_at": "2026-03-22T09:25:00Z",
      "liked_by": [
        1
      ]
    }
  },
  {
    "model": "forum.post",
    "pk": 147,
    "fields": {
      "topic": 21,
      "author": 2,
      "content": "Марина: Хорошая тема. По моему опыту, регулярность важнее идеального старта: лучше делать понемногу, но стабильно.",
      "created_at": "2026-03-22T09:42:00Z",
      "updated_at": "2026-03-22T09:42:00Z",
      "liked_by": [
        3
      ]
    }
  },
  {
    "model": "forum.topic",
    "pk": 22,
    "fields": {
      "title": "Где искать мотивацию для новых проектов",
      "content": "Хочу поднять тему «Где искать мотивацию для новых проектов». Интересно собрать не теорию, а живой опыт. Расскажите, с чего бы вы начали и что реально оказалось полезным на практике. Раздел: Работа, учёба и саморазвитие. Будет здорово, если в ответах будут и личные примеры, и конкретные рекомендации.",
      "category": 5,
      "author": 3,
      "created_at": "2026-03-23T08:00:00Z",
      "updated_at": "2026-03-23T09:42:00Z",
      "is_sticky": false,
      "is_closed": false,
      "views": 189,
      "slug": "topic-2",
      "tags": [
        1,
        3,
        7
      ]
    }
  },
  {
    "model": "forum.post",
    "pk": 148,
    "fields": {
      "topic": 22,
      "author": 3,
      "content": "Хочу поднять тему «Где искать мотивацию для новых проектов». Интересно собрать не теорию, а живой опыт. Расскажите, с чего бы вы начали и что реально оказалось полезным на практике. Раздел: Работа, учёба и саморазвитие. Будет здорово, если в ответах будут и личные примеры, и конкретные рекомендации.",
      "created_at": "2026-03-23T08:00:00Z",
      "updated_at": "2026-03-23T08:00:00Z",
      "liked_by": []
    }
  },
  {
    "model": "forum.post",
    "pk": 149,
    "fields": {
      "topic": 22,
      "author": 1,
      "content": "Алексей: Я бы начинал(а) с самого простого и не пытался(ась) охватить всё сразу. Когда есть маленький понятный шаг, двигаться намного легче.",
      "created_at": "2026-03-23T08:17:00Z",
      "updated_at": "2026-03-23T08:17:00Z",
      "liked_by": [
        3
      ]
    }
  },
  {
    "model": "forum.post",
    "pk": 150,
    "fields": {
      "topic": 22,
      "author": 2,
      "content": "Марина: У меня немного другой опыт: многое зависит от цели. Если нужен быстрый результат, лучше выбрать один инструмент и спокойно в нём разобраться.",
      "created_at": "2026-03-23T08:34:00Z",
      "updated_at": "2026-03-23T08:34:00Z",
      "liked_by": [
        1
      ]
    }
  },
  {
    "model": "forum.post",
    "pk": 151,
    "fields": {
      "topic": 22,
      "author": 3,
      "content": "Игорь: Поддержу тему. Мне обычно помогает сначала определить, какой итог хочется получить через месяц, а уже потом подбирать материалы и практику.",
      "created_at": "2026-03-23T08:51:00Z",
      "updated_at": "2026-03-23T08:51:00Z",
      "liked_by": [
        2
      ]
    }
  },
  {
    "model": "forum.post",
    "pk": 152,
    "fields": {
      "topic": 22,
      "author": 1,
      "content": "Алексей: Мне кажется, здесь важно не перегрузить себя в начале. Когда есть чёткий, но посильный план, мотивация держится гораздо лучше.",
      "created_at": "2026-03-23T09:08:00Z",
      "updated_at": "2026-03-23T09:08:00Z",
      "liked_by": [
        3
      ]
    }
  },
  {
    "model": "forum.post",
    "pk": 153,
    "fields": {
      "topic": 22,
      "author": 2,
      "content": "Марина: Я бы ещё посмотрел(а) на повседневную удобность. Иногда лучший вариант — не самый модный, а тот, которым реально приятно пользоваться каждый день.",
      "created_at": "2026-03-23T09:25:00Z",
      "updated_at": "2026-03-23T09:25:00Z",
      "liked_by": [
        1
      ]
    }
  },
  {
    "model": "forum.post",
    "pk": 154,
    "fields": {
      "topic": 22,
      "author": 3,
      "content": "Игорь: Хорошая тема. По моему опыту, регулярность важнее идеального старта: лучше делать понемногу, но стабильно.",
      "created_at": "2026-03-23T09:42:00Z",
      "updated_at": "2026-03-23T09:42:00Z",
      "liked_by": [
        2
      ]
    }
  },
  {
    "model": "forum.topic",
    "pk": 23,
    "fields": {
      "title": "Как совмещать работу, учёбу и личную жизнь",
      "content": "Давайте обсудим «Как совмещать работу, учёбу и личную жизнь». В интернете советов много, но хочется услышать именно личные наблюдения. Что у вас сработало лучше всего? Раздел: Работа, учёба и саморазвитие. Будет здорово, если в ответах будут и личные примеры, и конкретные рекомендации.",
      "category": 5,
      "author": 1,
      "created_at": "2026-03-24T08:00:00Z",
      "updated_at": "2026-03-24T09:42:00Z",
      "is_sticky": false,
      "is_closed": false,
      "views": 196,
      "slug": "topic-3",
      "tags": [
        2,
        4,
        8
      ]
    }
  },
  {
    "model": "forum.post",
    "pk": 155,
    "fields": {
      "topic": 23,
      "author": 1,
      "content": "Давайте обсудим «Как совмещать работу, учёбу и личную жизнь». В интернете советов много, но хочется услышать именно личные наблюдения. Что у вас сработало лучше всего? Раздел: Работа, учёба и саморазвитие. Будет здорово, если в ответах будут и личные примеры, и конкретные рекомендации.",
      "created_at": "2026-03-24T08:00:00Z",
      "updated_at": "2026-03-24T08:00:00Z",
      "liked_by": []
    }
  },
  {
    "model": "forum.post",
    "pk": 156,
    "fields": {
      "topic": 23,
      "author": 2,
      "content": "Марина: Я бы начинал(а) с самого простого и не пытался(ась) охватить всё сразу. Когда есть маленький понятный шаг, двигаться намного легче.",
      "created_at": "2026-03-24T08:17:00Z",
      "updated_at": "2026-03-24T08:17:00Z",
      "liked_by": [
        1,
        3
      ]
    }
  },
  {
    "model": "forum.post",
    "pk": 157,
    "fields": {
      "topic": 23,
      "author": 3,
      "content": "Игорь: У меня немного другой опыт: многое зависит от цели. Если нужен быстрый результат, лучше выбрать один инструмент и спокойно в нём разобраться.",
      "created_at": "2026-03-24T08:34:00Z",
      "updated_at": "2026-03-24T08:34:00Z",
      "liked_by": [
        1,
        2
      ]
    }
  },
  {
    "model": "forum.post",
    "pk": 158,
    "fields": {
      "topic": 23,
      "author": 1,
      "content": "Алексей: Поддержу тему. Мне обычно помогает сначала определить, какой итог хочется получить через месяц, а уже потом подбирать материалы и практику.",
      "created_at": "2026-03-24T08:51:00Z",
      "updated_at": "2026-03-24T08:51:00Z",
      "liked_by": [
        2
      ]
    }
  },
  {
    "model": "forum.post",
    "pk": 159,
    "fields": {
      "topic": 23,
      "author": 2,
      "content": "Марина: Мне кажется, здесь важно не перегрузить себя в начале. Когда есть чёткий, но посильный план, мотивация держится гораздо лучше.",
      "created_at": "2026-03-24T09:08:00Z",
      "updated_at": "2026-03-24T09:08:00Z",
      "liked_by": [
        3
      ]
    }
  },
  {
    "model": "forum.post",
    "pk": 160,
    "fields": {
      "topic": 23,
      "author": 3,
      "content": "Игорь: Я бы ещё посмотрел(а) на повседневную удобность. Иногда лучший вариант — не самый модный, а тот, которым реально приятно пользоваться каждый день.",
      "created_at": "2026-03-24T09:25:00Z",
      "updated_at": "2026-03-24T09:25:00Z",
      "liked_by": [
        1
      ]
    }
  },
  {
    "model": "forum.post",
    "pk": 161,
    "fields": {
      "topic": 23,
      "author": 1,
      "content": "Алексей: Хорошая тема. По моему опыту, регулярность важнее идеального старта: лучше делать понемногу, но стабильно.",
      "created_at": "2026-03-24T09:42:00Z",
      "updated_at": "2026-03-24T09:42:00Z",
      "liked_by": [
        2,
        3
      ]
    }
  },
  {
    "model": "forum.topic",
    "pk": 24,
    "fields": {
      "title": "Полезные курсы и материалы, которые реально помогли",
      "content": "Недавно снова задумался(ась) о теме «Полезные курсы и материалы, которые реально помогли». Кажется, здесь у каждого свой подход. Поделитесь, пожалуйста, своими примерами и выводами. Раздел: Работа, учёба и саморазвитие. Будет здорово, если в ответах будут и личные примеры, и конкретные рекомендации.",
      "category": 5,
      "author": 2,
      "created_at": "2026-03-25T08:00:00Z",
      "updated_at": "2026-03-25T09:42:00Z",
      "is_sticky": false,
      "is_closed": false,
      "views": 203,
      "slug": "topic-4",
      "tags": [
        1,
        3,
        5
      ]
    }
  },
  {
    "model": "forum.post",
    "pk": 162,
    "fields": {
      "topic": 24,
      "author": 2,
      "content": "Недавно снова задумался(ась) о теме «Полезные курсы и материалы, которые реально помогли». Кажется, здесь у каждого свой подход. Поделитесь, пожалуйста, своими примерами и выводами. Раздел: Работа, учёба и саморазвитие. Будет здорово, если в ответах будут и личные примеры, и конкретные рекомендации.",
      "created_at": "2026-03-25T08:00:00Z",
      "updated_at": "2026-03-25T08:00:00Z",
      "liked_by": []
    }
  },
  {
    "model": "forum.post",
    "pk": 163,
    "fields": {
      "topic": 24,
      "author": 1,
      "content": "Алексей: Я бы начинал(а) с самого простого и не пытался(ась) охватить всё сразу. Когда есть маленький понятный шаг, двигаться намного легче.",
      "created_at": "2026-03-25T08:17:00Z",
      "updated_at": "2026-03-25T08:17:00Z",
      "liked_by": [
        3
      ]
    }
  },
  {
    "model": "forum.post",
    "pk": 164,
    "fields": {
      "topic": 24,
      "author": 3,
      "content": "Игорь: У меня немного другой опыт: многое зависит от цели. Если нужен быстрый результат, лучше выбрать один инструмент и спокойно в нём разобраться.",
      "created_at": "2026-03-25T08:34:00Z",
      "updated_at": "2026-03-25T08:34:00Z",
      "liked_by": [
        1,
        2
      ]
    }
  },
  {
    "model": "forum.post",
    "pk": 165,
    "fields": {
      "topic": 24,
      "author": 2,
      "content": "Марина: Поддержу тему. Мне обычно помогает сначала определить, какой итог хочется получить через месяц, а уже потом подбирать материалы и практику.",
      "created_at": "2026-03-25T08:51:00Z",
      "updated_at": "2026-03-25T08:51:00Z",
      "liked_by": []
    }
  },
  {
    "model": "forum.post",
    "pk": 166,
    "fields": {
      "topic": 24,
      "author": 1,
      "content": "Алексей: Мне кажется, здесь важно не перегрузить себя в начале. Когда есть чёткий, но посильный план, мотивация держится гораздо лучше.",
      "created_at": "2026-03-25T09:08:00Z",
      "updated_at": "2026-03-25T09:08:00Z",
      "liked_by": [
        3
      ]
    }
  },
  {
    "model": "forum.post",
    "pk": 167,
    "fields": {
      "topic": 24,
      "author": 3,
      "content": "Игорь: Я бы ещё посмотрел(а) на повседневную удобность. Иногда лучший вариант — не самый модный, а тот, которым реально приятно пользоваться каждый день.",
      "created_at": "2026-03-25T09:25:00Z",
      "updated_at": "2026-03-25T09:25:00Z",
      "liked_by": [
        1
      ]
    }
  },
  {
    "model": "forum.post",
    "pk": 168,
    "fields": {
      "topic": 24,
      "author": 2,
      "content": "Марина: Хорошая тема. По моему опыту, регулярность важнее идеального старта: лучше делать понемногу, но стабильно.",
      "created_at": "2026-03-25T09:42:00Z",
      "updated_at": "2026-03-25T09:42:00Z",
      "liked_by": [
        3
      ]
    }
  },
  {
    "model": "forum.topic",
    "pk": 25,
    "fields": {
      "title": "Какие навыки сейчас стоит развивать в первую очередь",
      "content": "Хочу поднять тему «Какие навыки сейчас стоит развивать в первую очередь». Интересно собрать не теорию, а живой опыт. Расскажите, с чего бы вы начали и что реально оказалось полезным на практике. Раздел: Работа, учёба и саморазвитие. Будет здорово, если в ответах будут и личные примеры, и конкретные рекомендации.",
      "category": 5,
      "author": 3,
      "created_at": "2026-03-26T08:00:00Z",
      "updated_at": "2026-03-26T09:42:00Z",
      "is_sticky": false,
      "is_closed": false,
      "views": 210,
      "slug": "topic-5",
      "tags": [
        2,
        4,
        6
      ]
    }
  },
  {
    "model": "forum.post",
    "pk": 169,
    "fields": {
      "topic": 25,
      "author": 3,
      "content": "Хочу поднять тему «Какие навыки сейчас стоит развивать в первую очередь». Интересно собрать не теорию, а живой опыт. Расскажите, с чего бы вы начали и что реально оказалось полезным на практике. Раздел: Работа, учёба и саморазвитие. Будет здорово, если в ответах будут и личные примеры, и конкретные рекомендации.",
      "created_at": "2026-03-26T08:00:00Z",
      "updated_at": "2026-03-26T08:00:00Z",
      "liked_by": []
    }
  },
  {
    "model": "forum.post",
    "pk": 170,
    "fields": {
      "topic": 25,
      "author": 1,
      "content": "Алексей: Я бы начинал(а) с самого простого и не пытался(ась) охватить всё сразу. Когда есть маленький понятный шаг, двигаться намного легче.",
      "created_at": "2026-03-26T08:17:00Z",
      "updated_at": "2026-03-26T08:17:00Z",
      "liked_by": [
        3
      ]
    }
  },
  {
    "model": "forum.post",
    "pk": 171,
    "fields": {
      "topic": 25,
      "author": 2,
      "content": "Марина: У меня немного другой опыт: многое зависит от цели. Если нужен быстрый результат, лучше выбрать один инструмент и спокойно в нём разобраться.",
      "created_at": "2026-03-26T08:34:00Z",
      "updated_at": "2026-03-26T08:34:00Z",
      "liked_by": [
        1
      ]
    }
  },
  {
    "model": "forum.post",
    "pk": 172,
    "fields": {
      "topic": 25,
      "author": 3,
      "content": "Игорь: Поддержу тему. Мне обычно помогает сначала определить, какой итог хочется получить через месяц, а уже потом подбирать материалы и практику.",
      "created_at": "2026-03-26T08:51:00Z",
      "updated_at": "2026-03-26T08:51:00Z",
      "liked_by": [
        2
      ]
    }
  },
  {
    "model": "forum.post",
    "pk": 173,
    "fields": {
      "topic": 25,
      "author": 1,
      "content": "Алексей: Мне кажется, здесь важно не перегрузить себя в начале. Когда есть чёткий, но посильный план, мотивация держится гораздо лучше.",
      "created_at": "2026-03-26T09:08:00Z",
      "updated_at": "2026-03-26T09:08:00Z",
      "liked_by": [
        3
      ]
    }
  },
  {
    "model": "forum.post",
    "pk": 174,
    "fields": {
      "topic": 25,
      "author": 2,
      "content": "Марина: Я бы ещё посмотрел(а) на повседневную удобность. Иногда лучший вариант — не самый модный, а тот, которым реально приятно пользоваться каждый день.",
      "created_at": "2026-03-26T09:25:00Z",
      "updated_at": "2026-03-26T09:25:00Z",
      "liked_by": [
        1
      ]
    }
  },
  {
    "model": "forum.post",
    "pk": 175,
    "fields": {
      "topic": 25,
      "author": 3,
      "content": "Игорь: Хорошая тема. По моему опыту, регулярность важнее идеального старта: лучше делать понемногу, но стабильно.",
      "created_at": "2026-03-26T09:42:00Z",
      "updated_at": "2026-03-26T09:42:00Z",
      "liked_by": [
        2
      ]
    }
  }
]
